date,AK-ic,AK-hd,AK-hc,AL-ic,AL-hd,AL-hc,AR-ic,AR-hd,AR-hc,AS-ic,AS-hd,AS-hc,AZ-ic,AZ-hd,AZ-hc,CA-ic,CA-hd,CA-hc,CO-ic,CO-hd,CO-hc,CT-ic,CT-hd,CT-hc,DC-ic,DC-hd,DC-hc,DE-ic,DE-hd,DE-hc,FL-ic,FL-hd,FL-hc,GA-ic,GA-hd,GA-hc,GU-ic,GU-hd,GU-hc,HI-ic,HI-hd,HI-hc,IA-ic,IA-hd,IA-hc,ID-ic,ID-hd,ID-hc,IL-ic,IL-hd,IL-hc,IN-ic,IN-hd,IN-hc,KS-ic,KS-hd,KS-hc,KY-ic,KY-hd,KY-hc,LA-ic,LA-hd,LA-hc,MA-ic,MA-hd,MA-hc,MD-ic,MD-hd,MD-hc,ME-ic,ME-hd,ME-hc,MI-ic,MI-hd,MI-hc,MN-ic,MN-hd,MN-hc,MO-ic,MO-hd,MO-hc,MP-ic,MP-hd,MP-hc,MS-ic,MS-hd,MS-hc,MT-ic,MT-hd,MT-hc,NC-ic,NC-hd,NC-hc,ND-ic,ND-hd,ND-hc,NE-ic,NE-hd,NE-hc,NH-ic,NH-hd,NH-hc,NJ-ic,NJ-hd,NJ-hc,NM-ic,NM-hd,NM-hc,NV-ic,NV-hd,NV-hc,NY-ic,NY-hd,NY-hc,OH-ic,OH-hd,OH-hc,OK-ic,OK-hd,OK-hc,OR-ic,OR-hd,OR-hc,PA-ic,PA-hd,PA-hc,PR-ic,PR-hd,PR-hc,RI-ic,RI-hd,RI-hc,SC-ic,SC-hd,SC-hc,SD-ic,SD-hd,SD-hc,TN-ic,TN-hd,TN-hc,TX-ic,TX-hd,TX-hc,UT-ic,UT-hd,UT-hc,VA-ic,VA-hd,VA-hc,VI-ic,VI-hd,VI-hc,VT-ic,VT-hd,VT-hc,WA-ic,WA-hd,WA-hc,WI-ic,WI-hd,WI-hc,WV-ic,WV-hd,WV-hc,WY-ic,WY-hd,WY-hc
2020-03-01,,,,,,,,,,,,,,,,,,,,,,,,,,,,,,,,,,,,,,,,,,,,,,,,,,,,,,,,,,,,,,,,,,,,,,,,,,,,,,,,,,,,,,,,,,,,,,,,,,,,,,,,,,,,,,,,,,,,,,,,,,,,,,,,,,,,,,,,,,,,,,,,,,,,,,,,,,,,,,,,,,,,,,,,
2020-03-02,,,,,,,,,,,,,,,,,,,,,,,,,,,,,,,,,,,,,,,,,,,,,,,,,,,,,,,,,,,,,,,,,,,,,,,,,,,,,,,,,,,,,,,,,,,,,,,,,,,,,,,,,,,,,,,,,,,,,,,,,,,,,,,,,,,,,,,,,,,,,,,,,,,,,,,,,,,,,,,,,,,,,,,,
2020-03-03,,,,,,,,,,,,,,,,,,,,,,,,,,,,,,,,,,,,,,,,,,,,,,,,,,,,,,,,,,,,,,,,,,,,,,,,,,,,,,,,,,,,,,,,,,,,,,,,,,,,,,,,,,,,,,,,,,,,,,,,,,,,,,,,,,,,,,,,,,,,,,,,,,,,,,,,,,,,,,,,,,,,,,,,
2020-03-04,,,,,,,,,,,,,,,,,,,,,,,,,,,,,,,,,,,,,,,,,,,,,,,,,,,,,,,,,,,,,,,,,,,,,,,,,,,,,,,,,,,,,,,,,,,,,,,,,,,,,,,,,,,,,,,,,,,,,,,,,,,,,,,,,,,,,,,,,,,,,,,,,,,,,,,,,,,,,,,,,,,,,,,,
2020-03-05,,,,,,,,,,,,,,,,,,,,,,,,,,,,,,,,,,,,,,,,,,,,,,,,,,,,,,,,,,,,,,,,,,,,,,,,,,,,,,,,,,,,,,,,,,,,,,,,,,,,,,,,,,,,,,,,,,,,,,,,,,,,,,,,,,,,,,,,,,,,,,,,,,,,,,,,,,,,,,,,,,,,,,,,
2020-03-06,,,,,,,,,,,,,,,,,,,,,,,,,,,,,,,,,,,,,,,,,,,,,,,,,,,,,,,,,,,,,,,,,,,,,,,,,,,,,,,,,,,,,,,,,,,,,,,,,,,,,,,,,,,,,,,,,,,,,,,,,,,,,,,,,,,,,,,,,,,,,,,,,,,,,,,,,,,,,,,,,,,,,,,,
2020-03-07,,,,,,,,,,,,,,,,,,,,,,,,,,,,,,,,,,,,,,,,,,,,,,,,,,,,,,,,,,,,,,,,,,,,,,,,,,,,,,,,,,,,,,,,,,,,,,,,,,,,,,,,,,,,,,,,,,,,,,,,,,,,,,,,,,,,,,,,,,,,,,,,,,,,,,,,,,,,,,,,,,,,,,,,
2020-03-08,,,,,,,,,,,,,,,,,,,,,,,,,,,,,,,,,,,,,,,,,,,,,,,,,,,,,,,,,,,,,,,,,,,,,,,,,,,,,,,,,,,,,,,,,,,,,,,,,,,,,,,,,,,,,,,,,,,,,,,,,,,,,,,,,,,,,,,,,,,,,,,,,,,,,,,,,,,,,,,,,,,,,,,,
2020-03-09,,,,,,,,,,,,,,,,,,,,,,,,,,,,,,,,,,,,,,,,,,,,,,,,,,,,,,,,,,,,,,,,,,,,,,,,,,,,,,,,,,,,,,,,,,,,,,,,,,,,,,,,,,,,,,,,,,,,,,,,,,,,,,,,,,,,,,,,,,,,,,,,,,,,,,,,,,,,,,,,,,,,,,,,
2020-03-10,,,,,,,,,,,,,,,,,,,,,,,,,,,,,,,,,,,,,,,,,,,,,,,,,,,,,,,,,,,,,,,,,,,,,,,,,,,,,,,,,,,,,,,,,,,,,,,,,,,,,,,,,,,,,,,,,,,,,,,,,,,,,,,,,,,,,,,,,,,,,,,,,,,,,,,,,,,,,,,,,,,,,,,,
2020-03-11,,,,,,,,,,,,,,,,,,,,,,,,,,,,,,,,,,,,,,,,,,,,,,,,,,,,,,,,,,,,,,,,,,,,,,,,,,,,,,,,,,,,,,,,,,,,,,,,,,,,,,,,,,,,,,,,,,,,,,,,,,,,,,,,,,,,,,,,,,,,,,,,,,,,,,,,,,,,,,,,,,,,,,,,
2020-03-12,,,,,,,,,,,,,,,,,,,,,,,,,,,,,,,,,,,,,,,,,,,,,,,,,,,,,,,,,,,,,,,,,,,,,,,,,,,,,,,,,,,,,,,,,,,,,,,,,,,,,,,,,,,,,,,,,,,,,,,,,,,,,,,,,,,,,,,,,,,,,,,,,,,,,,,,,,,,,,,,,,,,,,,,
2020-03-13,,,,,,,,,,,,,,,,,,,,,,,,,,,,,,,,,,,,,,,,,,,,,,,,,,,,,,,,,,,,,,,,,,,,,,,,,,,,,,,,,,,,,,,,,,,,,,,,,,,,,,,,,,,,,,,,,,,,,,,,,,,,,,,,,,,,,,,,,,,,,,,,,,,,,,,,,,,,,,,,,,,,,,,,
2020-03-14,,,,,,,,,,,,,,,,,,,,,,,,,,,,,,,,,,,,,,,,,,,,,,,,,,,,,,,,,,,,,,,,,,,,,,,,,,,,,,,,,,,,,,,,,,,,,,,,,,,,,,,,,,,,,,,,,,,,,,,,,,,,,,,,,,,,,,,,,,,,,,,,,,,,,,,,,,,,,,,,,,,,,,,,
2020-03-15,,,,,,,,,,,,,,,,,,,,,,,,,,,,,,,,,,,,,,,,,,,,,,,,,,,,,,,,,,,,,,,,,,,,,,,,,,,,,,,,,,,,,,,,,,,,,,,,,,,,,,,,,,,,,,,,,,,,,,,,,,,,,,,,,,,,,,,,,,,,,,,,,,,,,,,,,,,,,,,,,,,,,,,,
2020-03-16,,,,,,,,,,,,,,,,,,,,,,,,,,,,,,,,,,,,,,,,,,,,,,,,,,,,,,,,,,,,,,,,,,,,,,,,,,,,,,,,,,,,,,,,,,,,,,,,,,,,,,,,,,,,,,,,,,,,,,,,,,,,,,,,,,,,,,,,,,,,,,,,,,,,,,,,,,,,,,,,,,,,,,,,
2020-03-17,,,,,,,,,,,,,,,,,,,,,,,,,,,,,,,,,,,,,,,,,,,,,,,,,,,,,,,,,,,,,,,,,,,,,,,,,,,,,,,,,,,,,,,,,,,,,,,,,,,,,,,,,,,,,,,,,,,,,,,,,,,,,,,,,,,,,,,,,,,,,,,,,,,,,,,,,,,,,,,,,,,,,,,,
2020-03-18,,,,,,,,,,,,,,,,,,,,,,,,,,,,,,,,,,,,,,,,,,,,,,,,,,,,,,,,,,,,,,,,,,,,,,,,,,,,,,,,,,,,,,,,,,,,,,,,,,,,,,,,,,,,,,,,,,,,,,,,,,,,,,,,,,,,,,,,,,,,,,,,,,,,,,,,,,,,,,,,,,,,,,,,
2020-03-19,,,,,,,,,,,,,,,,,,,,,,,,,,,,,,,,,,,,,,,,,,,,,,,,,,,,,,,,,,,,,,,,,,,,,,,,,,,,,,,,,,,,,,,,,,,,,,,,,,,,,,,,,,,,,,,,,,,,,,,,,,,,,,,,,,,,,,,,,,,,,,,,,,,,,,,,,,,,,,,,,,,,,,,,
2020-03-20,,,,,,,,,,,,,,,,,,,,,,,,,,,,,,,,,,,,,,,,,,,,,,,,,,,,,,,,,,,,,,,,,,,,,,,,,,,,,,,,,,,,,,,,,,,,,,,,,,,,,,,,,,,,,,,,,,,,,,,,,,,,,,,,,,,,,,,,,,,,,,,,,,,,,,,,,,,,,,,,,,,,,,,,
2020-03-21,,,,,,,,,,,,,,,,,,,,,,,,,,,,,,,,,,,,,,,,,,,,,,,,,,,,,,,,,,,,,,,,,,,,,,,,,,,,,,,,,,,,,,,,,,,,,,,,,,,,,,,,,,,,,,,,,,,,,,,,,,,,,,,,,,,,,,,,,,,,,,,,,,,,,,,,,,,,,,,,,,,,,,,,
2020-03-22,,,,,,,,,,,,,,,,,,,,,,,,,,,,,,,,,,,,,,,,,,,,,,,,,,,,,,,,,,,,,,,,,,,,,,,,,,,,,,,,,,,,,,,,,,,,,,,,,,,,,,,,,,,,,,,,,,,,,,,,,,,,,,,,,,,,,,,,,,,,,,,,,,,,,,,,,,,,,,,,,,,,,,,,
2020-03-23,,,,,,,,,,,,,,,,,,,,,,,,,,,,,,,,,,,,,,,,,,,,,,,,,,,,,,,,,,,,,,,,,,,,,,,,,,,,,,,,,,,,,,,,,,,,,,,,,,,,,,,,,,,,,,,,,,,,,,,,,,,,,,,,,,,,,,,,,,,,,,,,,,,,,,,,,,,,,,,,,,,,,,,,
2020-03-24,,,,,,,,,,,,,,,,,,,,,,,,,,,,,,,,,,,,,,,,,,,,,,,,,,,,,,,,,,,,,,,,,,,,,,,,,,,,,,,,,,,,,,,,,,,,,,,,,,,,,,,,,,,,,,,,,,,,,,,,,,,,,,,,,,,,,,,,,,,,,,,,,,,,,,,,,,,,,,,,,,,,,,,,
2020-03-25,,,,,,,,,,,,,,,,,,,,,,,,,,,,,,,,,,,,,,,,,,,,,,,,,,,,,,,,,,,,,,,,,,,,,,,,,,,,,,,,,,,,,,,,,,,,,,,,,,,,,,,,,,,,,,,,,,,,,,,,,,,,,,,,,,,,,,,,,,,,,,,,,,,,,,,,,,,,,,,,,,,,,,,,
2020-03-26,,,,,,,,,,,,,,,,,,,,,,,,,,,,,,,,,,,,,,,,,,,,,,,,,,,,,,,,,,,,,,,,,,,,,,,,,,,,,,,,,,,,,,,,,,,,,,,,,,,,,,,,,,,,,,,,,,,,,,,,,,,,,,,,,,,,,,,,,,,,,,,,,,,,,,,,,,,,,,,,,,,,,,,,
2020-03-27,,,,,,,,,,,,,,,,,,,,,,,,,,,,,,,,,,,,,,,,,,,,,,,,,,,,,,,,,,,,,,,,,,,,,,,,,,,,,,,,,,,,,,,,,,,,,,,,,,,,,,,,,,,,,,,,,,,,,,,,,,,,,,,,,,,,,,,,,,,,,,,,,,,,,,,,,,,,,,,,,,,,,,,,
2020-03-28,,,,,,,,,,,,,,,,,,,,,,,,,,,,,,,,,,,,,,,,,,,,,,,,,,,,,,,,,,,,,,,,,,,,,,,,,,,,,,,,,,,,,,,,,,,,,,,,,,,,,,,,,,,,,,,,,,,,,,,,,,,,,,,,,,,,,,,,,,,,,,,,,,,,,,,,,,,,,,,,,,,,,,,,
2020-03-29,,,,,,,,,,,,,,,,,,,,,,,,,,,,,,,,,,,,,,,,,,,,,,,,,,,,,,,,,,,,,,,,,,,,,,,,,,,,,,,,,,,,,,,,,,,,,,,,,,,,,,,,,,,,,,,,,,,,,,,,,,,,,,,,,,,,,,,,,,,,,,,,,,,,,,,,,,,,,,,,,,,,,,,,
2020-03-30,,,,,,,,,,,,,,,,,,,,,,,,,,,,,,,,,,,,,,,,,,,,,,,,,,,,,,,,,,,,,,,,,,,,,,,,,,,,,,,,,,,,,,,,,,,,,,,,,,,,,,,,,,,,,,,,,,,,,,,,,,,,,,,,,,,,,,,,,,,,,,,,,,,,,,,,,,,,,,,,,,,,,,,,
2020-03-31,,,,,,,,,,,,,,,,,,,,,,,,,,,,,,,,,,,,,,,,,,,,,,,,,,,,,,,,,,,,,,,,,,,,,,,,,,,,,,,,,,,,,,,,,,,,,,,,,,,,,,,,,,,,,,,,,,,,,,,,,,,,,,,,,,,,,,,,,,,,,,,,,,,,,,,,,,,,,,,,,,,,,,,,
2020-04-01,,,,,,,,,,,,,,,,,,,,,,,,,,,,,,,,,,,,,,,,,,,,,,,,,,,,,,,,,,,,,,,,,,,,,,,,,,,,,,,,,,,,,,,,,,,,,,,,,,,,,,,,,,,,,,,,,,,,,,,,,,,,,,,,,,,,,,,,,,,,,,,,,,,,,,,,,,,,,,,,,,,,,,,,
2020-04-02,,,,,,,,,,,,,,,,,,,,,,,,,,,,,,,,,,,,,,,,,,,,,,,,,,,,,,,,,,,,,,,,,,,,,,,,,,,,,,,,,,,,,,,,,,,,,,,,,,,,,,,,,,,,,,,,,,,,,,,,,,,,,,,,,,,,,,,,,,,,,,,,,,,,,,,,,,,,,,,,,,,,,,,,
2020-04-03,,,,,,,,,,,,,,,,,,,,,,,,,,,,,,,,,,,,,,,,,,,,,,,,,,,,,,,,,,,,,,,,,,,,,,,,,,,,,,,,,,,,,,,,,,,,,,,,,,,,,,,,,,,,,,,,,,,,,,,,,,,,,,,,,,,,,,,,,,,,,,,,,,,,,,,,,,,,,,,,,,,,,,,,
2020-04-04,,,,,,,,,,,,,,,,,,,,,,,,,,,,,,,,,,,,,,,,,,,,,,,,,,,,,,,,,,,,,,,,,,,,,,,,,,,,,,,,,,,,,,,,,,,,,,,,,,,,,,,,,,,,,,,,,,,,,,,,,,,,,,,,,,,,,,,,,,,,,,,,,,,,,,,,,,,,,,,,,,,,,,,,
2020-04-05,,,,,,,,,,,,,,,,,,,,,,,,,,,,,,,,,,,,,,,,,,,,,,,,,,,,,,,,,,,,,,,,,,,,,,,,,,,,,,,,,,,,,,,,,,,,,,,,,,,,,,,,,,,,,,,,,,,,,,,,,,,,,,,,,,,,,,,,,,,,,,,,,,,,,,,,,,,,,,,,,,,,,,,,
2020-04-06,,,,,,,,,,,,,,,,,,,,,,,,,,,,,,,,,,,,,,,,,,,,,,,,,,,,,,,,,,,,,,,,,,,,,,,,,,,,,,,,,,,,,,,,,,,,,,,,,,,,,,,,,,,,,,,,,,,,,,,,,,,,,,,,,,,,,,,,,,,,,,,,,,,,,,,,,,,,,,,,,,,,,,,,
2020-04-07,,,,,,,,,,,,,,,,,,,,,,,,,,,,,,,,,,,,,,,,,,,,,,,,,,,,,,,,,,,,,,,,,,,,,,,,,,,,,,,,,,,,,,,,,,,,,,,,,,,,,,,,,,,,,,,,,,,,,,,,,,,,,,,,,,,,,,,,,,,,,,,,,,,,,,,,,,,,,,,,,,,,,,,,
2020-04-08,,,,,,,,,,,,,,,,,,,,,,,,,,,,,,,,,,,,,,,,,,,,,,,,,,,,,,,,,,,,,,,,,,,,,,,,,,,,,,,,,,,,,,,,,,,,,,,,,,,,,,,,,,,,,,,,,,,,,,,,,,,,,,,,,,,,,,,,,,,,,,,,,,,,,,,,,,,,,,,,,,,,,,,,
2020-04-09,,,,,,,,,,,,,,,,,,,,,,,,,,,,,,,,,,,,,,,,,,,45,,,,,,,,,,,,,,,,,,,,,,,,,,,,,,,,,,,,,,,,,,,,,,,,,,,,,,,,,,,,,,,,,,,,,,,,,,,,,,,,,,,,,,,,,,,,,,,,,,,,,,,,,,,,,,,,,,,,,,,,,,,,,
2020-04-10,,,,,,,,,,,,,,,,,,,,,,,,,,,,,,,,,,,,,,,,,,,44,,,,,,,,,,,,,,,,,,,,,,,,,,,,,,,,,,,,,,,,,,,,,,,,,,,,,,,,,,,,,,,,,,,,,,,,,,,,,,,,,,,,25,39,167,,,,,,,,,,,,,,,,,,,,,,,,,,,,,,,,,,,,,,,
2020-04-11,,,,,,,,,,,,,,,,,,,,,,,,,,,,,,,,,,,,,,,,,,,51,,,,,,,,,,,,,,,,,,,,,,,,,,,,,,,,,,,,,,,,,,,,,,,,,,,,,,,,,,,,,,,,,,,,,0,0,1,,,,,,,,,,,,,25,39,167,,,,,,,,,,,,,,,,,,,,,,,,,,,,,,,,,,,,,,,
2020-04-12,,,,,,,,,,,,,,,,,,,,,,,,,,,,,,,,,,,,,,,,,,,54,,,,,,,,,,,,,,,,,,,,,,,,,,,,,,,,,,,,,,,,,,,,,,,,,,,,,,,,,,,,,,,,,,,,,0,0,2,,,,,,,,,,,,,25,39,167,,,,,,,,,,,,,,,,,,,,,,,,,,,,,,,,,,,,,,,
2020-04-13,,,,,,,,,,,,,,,,,,,,,,,,,,,,,,,,,,,,,,,,,,,53,,,,,,,,,,,,,,,,,,,,,,,,,,,,,,,,,,,,,,,,,,,,,,,,,,,,,,,,,,,,,,,,,,,,,,,,,,,,,,,,,,,,25,39,167,,,,,,,,,,,,,,,,,,,,,,,,,,,,,,,,,,,,,,,
2020-04-14,,,,,,,,,,,,,,,,,,,,,,,,,,,,,,,,,,,,,,,,,,,59,,,,,,,,,,,,,,,,,,,,,,,,,,,,,,,,,,,,,,,,,,,,,,,,,,,,,,,,,,,,,,,,,,,,,,,,,,,,,,,,,,,,25,39,167,,,,,,,,,,,,,,,,,,,,,,,,,,,,,,,,,,,,,,,
2020-04-15,,,,,,,,,,,,,,,,,,,,,,,,,,,,,,,,,,,,,,,,,,,61,,,,,,,,,,,,,,,,,,,,,,,,,,,,,,,,,,,,,,,,,,,,,,,,,,,,,,,,,,,,,,,,,,,,,,,,,,,,,,,,,,,,,,,,,,,,,,,,,,,,,,,,,,,,,,,,,,,,,,,,,,,,,
2020-04-16,,,,,,,,,,,,,,,,,,,,,,,,,,,,,,,,,,,,,,,,,,,56,,,,,,,,,,,,,,,,,,,,,,,,,,,,,,,,,,,,,,,,,,,,,,,,,,,,,,,,,,,,,,,,,,,,,,,,,,,,,,,,,,,,,,,,,,,,,,,,,,,,,,,,,,,,,,,,,,,,,,,,,,,,,
2020-04-17,,,,,,,,,,,,,,,,,,,,,,,,,,,,,,,,,,,,,,,,,,,52,,,,,,,,,,,,,,,,,,,,,,,,,,,,,,,,,,,,,,,,,,,,,,,,,,,,,,,,,,,,,,,,,,,,,,,,,,,,,,,,,,,,,,,,,,,,,,,,,,,,,,,,,,,,,,,,,,,,,,,,,,,,,
2020-04-18,,,,,,,,,,,,,,,,,,,,,,,,,,,,,,,,,,,,,,,,,,,52,,,,,,,,,,,,,,,,,,,,,,,,,,,,,,,,,,,,,,,,,,,,,,,,,,,,,,,,,,,,,,,,,,,,,0,0,0,,,,,,,,,,,,,,,,,,,,,,,,,,,,,,,,,,,,,,,,,,,,,,,,,,,,,,
2020-04-19,,,,,,,,,,,,,,,,,,,,,,,,,,,,,,,,,,,,,,,,,,,52,,,,,,,,,,,,,,,,,,,,,,,,,,,,,,,,,,,,,,,,,,,,,,,,,,,,,,,,,,,,,,,,,,,,,0,1,1,,,,,,,,,,,,,,,,,,,,,,,,,,,,,,,,,,,,,,,,,,,,,,,,,,,,,,
2020-04-20,,,,,,,,,,,,,,,,,,,,,,,,,,,,,,,,,,,,,,,,,,,,,,,,,,,,,,,,,,,,,,,,,,,,,,,,,,,,,,,,,,,,,,,,,,,,,,,,,,,,,,,,,,,,,,,,,,,,,,,,,,,,,,,,,,,,,,,,,,,,,,,,,,,,,,,,,,,,,,,,,,,,,,,,
2020-04-21,,,,,,,,,,,,,,,,,,,,,,,,,,,,,,,,,,,,,,,,,,,,,,,,,,,,,,,,,,,,,,,,,,,,,,,,,,,,,,,,,,,,,,,,,,,,,,,,,,,,,,,,,,,,,,,,,,,,,,,,,,,,,,,,,,,,,,,,,,,,,,,,,,,,,,,,,,,,,,,,,,,,,,,,
2020-04-22,,,,,,,,,,,,,,,,,,,,,,,,,,,,,,,,,,,,,,,,,,,,,,,,,,,,,,,,,,,,,,,,,,,,,,,,,,,,,,,,,,,,,,,,,,,,,,,,,,,,,,,,,,,,,,,,,,,,,,,,,,,,,,,,,,,,,,,,,,,,,,,,,,,,,,,,,,,,,,,,,,,,,,,,
2020-04-23,,,,,,,,,,,,,,,,,,,,,,,,,,,,,,,,,,,,,,,,,,,,,,,,,,,,,,,,,,,,,,,,,,,,,,,,,,,,,,,,,,,,,,,,,,,,,,,,,,,,,,,,,,,,,,,,,,,,,,,,,,,,,,,,,,,,,,,,,,,,,,,,,,,,,,,,,,,,,,,,,,,,,,,,
2020-04-24,,,,,,,,,,,,,,,,,,,,,,,,,,,,,,,,,,,,,,,,,,,,,,,,,,,,,,,,,,,,,,,,,,,,,,,,,,,,,,,,,,,,,,,,,,,,,,,,,,,,,,,,,,,,,,,,,,,,,,,,,,,,,,,,,,,,,,,,,,,,,,,,,,,,,,,,,,,,,,,,,,,,,,,,
2020-04-25,,,,,,,,,,,,,,,,,,,,,,,,,,,,,,,,,,,,,,,,,,,,,,,,,,,,,,,,,,,,,,,,,,,,,,,,,,,,,,,,,,,,,,,,,,,,,,,,,,,,,,,,,,,,,,,,0,0,0,,,,,,,,,,,,,,,,,,,,,,,,,,,,,,,,,,,,,,,,,,,,,,,,,,,,,,
2020-04-26,,,,,,,,,,,,,,,,,,,,,,,,,,,,,,,,,,,,,,,,,,,,,,,,,,,,,,,,,,,,,,,,,,,,,,,,,,,,,,,,,,,,,,,,,,,,,,,,,,,,,,,,,,,,,,,,0,0,0,,,,,,,,,,,,,,,,,,,,,,,,,,,,,,,,,,,,,,,,,,,,,,,,,,,,,,
2020-04-27,,,,,,,,,,,,,,,,,,,,,,,,,,,,,,,,,,,,,,,,,,,,,,,,,,,,,,,,,,,,,,,,,,,,,,,,,,,,,,,,,,,,,,,,,,,,,,,,,,,,,,,,,,,,,,,,0,1,0,,,,,,,,,,,,,,,,,,,,,,,,,,,,,,,,,,,,,,,,,,,,,,,,,,,,,,
2020-04-28,,,,,,,,,,,,,,,,,,,,,,,,,,,,,,,,,,,,,,,,,,,,,,,,,,,,,,,,,,,,,,,,,,,,,,,,,,,,,,,,,,,,,,,,,,,,,,,,,,,,,,,,,,,,,,,,0,0,0,,,,,,,,,,,,,,,,,,,,,,,,,,,,,,,,,,,,,,,,,,,,,,,,,,,,,,
2020-04-29,,,,,,,,,,,,,,,,,,,,,,,,,,,,,,,,,,,,,,,,,,,,,,,,,,,,,,,,,,,,,,,,,,,,,,,,,,,,,,,,,,,,,,,,,,,,,,,,,,,,,,,,,,,,,,,,0,0,1,,,,,,,,,,,,,,,,,,,,,,,,,,,,,,,,,,,,,,,,,,,,,,,,,,,,,,
2020-04-30,,,,,,,,,,,,,,,,,,,,,,,,,,,,,,,,,,,,,,,,,,,,,,,,,,,,,,,,,,,,,,,,,,,,,,,,,,,,,,,,,,,,,,,,,,,,,,,,,,,,,,,,,,,,,,,,0,0,0,,,,,,,,,,,,,,,,,,,,,,,,,,,,,,,,,,,,,,,,,,,,,,,,,,,,,,
2020-05-01,,,,,,,,,,,,,,,,,,,,,,,,,,,,,,,,,,,,,,,,,,,,,,,,,,,,,,,,,,,,,,,,,,,,,,,,,,,,,,,,,,,,,,,,,,,,,,,,,,,,,,,,,,,,,,,,0,0,0,,,,,,,,,,,,,,,,,,,,,,,,,,,,,,,,,,,,,,,,,,,,,,,,,,,,,,
2020-05-02,,,,,,,,,,,,,,,,,,,,,,,,,,,,,,,,,,,,,,,,,,,30,,,,,,,,,,,,,,,,,,,,,,,,,,,,,,,,,,,,,,,,,,,,,,,,,,,,,,,,,,,,,,,,,,,,,0,0,0,,,,,,,,,,,,,,,,,,,,,,,,,,,,,,,,,,,,,,,,,,,,,,,,,,,,,,
2020-05-03,,,,,,,,,,,,,,,,,,,,,,,,,,,,,,,,,,,,,,,,,,,32,,,,,,,,,,,,,,,,,,,,,,,,,,,,,,,,,,,,,,,,,,,,,,,,,,,,,,,,,,,,,,,,,,,,,0,0,0,,,,,,,,,,,,,,,,,,,,,,,,,,,,,,,,,,,,,,,,,,,,,,,,,,,,,,
2020-05-04,,,,,,,,,,,,,,,,,,,,,,,,,,,,,,,,,,,,,,,,,,,30,,,,,,,,,,,,,,,,,,,,,,,,,,,,,,,,,,,,,,,,,,,,,,,,,,,,,,,,,,,,,,,,,,,,,0,0,1,,,,,,,,,,,,,,,,,,,,,,,,,,,,,,,,,,,,,,,,,,,,,,,,,,,,,,
2020-05-05,,,,,,,,,,,,,,,,,,,,,,,,,,,,,,,,,,,,,,,,,,,27,,,,,,,,,,,,,,,,,,,,,,,,,,,,,,,,,,,,,,,,,,,,,,,,,,,,,,,,,,,,,,,,,,,,,0,0,0,,,,,,,,,,,,,,,,,,,,,,,,,,,,,,,,,,,,,,,,,,,,,,,,,,,,,,
2020-05-06,,,,,,,,,,,,,,,,,,,,,,,,,,,,,,,,,,,,,,,,,,,26,,,,,,,,,,,,,,,,,,,,,,,,,,,,,,,,,,,,,,,,,,,,,,,,,,,,,,,,,,,,,,,,,,,,,0,0,0,,,,,,,,,,,,,,,,,,,,,,,,,,,,,,,,,,,,,,,,,,,,,,,,,,,,,,
2020-05-07,,,,,,,,,,,,,,,,,,,,,,,,,,,,,,,,,,,,,,,,,,,31,,,,,,,,,,,,,,,,,,,,,,,,,,,,,,,,,,,,,,,,,,,,,,,,,,,,,,,,,,,,,,,,,,,,,0,1,0,,,,,,,,,,,,,,,,,,,,,,,,,,,,,,,,,,,,,,,,,,,,,,,,,,,,,,
2020-05-08,,,,,,,,,,,,,,,,,,,,,,,,,,,,,,,,,,,,,,,,,,,28,,,,,,,,,,,,,,,,,,,,,,,,,,,,,,,,,,,,,,,,,,,,,,,,,,,,,,,,,,,,,,,,,,,,,0,0,2,,,,,,,,,,,,,,,,,,,,,,,,,,,,,,,,,,,,,,,,,,,,,,,,,,,,,,
2020-05-09,0,,,,,,,,,,,,,,,,,,,,,,,,,,,,,,,,,,,,,,,,,,24,,,,,,,,,,,,,,,,,,,,,,,,,,,,,,,,,,,,,,,,,,,,,,,,,,,,,,,,,,,,,,,,,,,,,0,0,1,,,,,,,,,,,,,,,,,,,,,,,,,,,,,,,,,,,,,,,,,,,,,,,,,,,,,,
2020-05-10,0,,,,,,,,,,,,,,,,,,,,,,,,,,,,,,,,,,,,,,,,,,28,,,,,,,,,,,,,,,,,,,,,,,,,,,,,,,,,,,,,,,,,,,,,,,,,,,,,,,,,,,,,,,,,,,,,0,0,1,,,,,,,,,,,,,,,,,,,,,,,,,,,,,,,,,,,,,,,,,,,,,,,,,,,,,,
2020-05-11,,,,,,,,,,,,,,,,,,,,,,,,,,,,,,,,,,,,,,,,,,,27,,,,,,,,,,,,,,,,,,,,,,,,,,,,,,,,,,,,,,,,,,,,,,,,,,,,,,,,,,,,,,,,,,,,,0,1,0,,,,,,,,,,,,,,,,,,,,,,,,,,,,,,,,,,,,,,,,,,,,,,,,,,,,,,
2020-05-12,,,,,,,,,,,,,,,,,,,,,,,,,,,,,,,,,,,,,,,,,,,26,,,,,,,,,,,,,,,,,,,,,,,,,,,,,,,,,,,,,,,,,,,,,,,,,,,,,,2,,,,,,,,,,,,,,,0,0,1,,,,,,,,,,,,,,,,,,,,,,,,,,,,,,,,,,,,,,,,,,,,,,,,,,,,,,
2020-05-13,0,,,,,,,,,,,,,,,,,,,,,,,,,,,,,,,,,,,,,,,,,,25,,,,,,,,,,,,,,,,,,,,,,,,,,,,,,,,,,,,,,,,,,,,,,,,,,,,,,5,,,,,,,,,,,,,,,0,0,1,,,,,,,,,,,,,,,,,,,,,,,,,,,,,,,,,,,,,,,,,,,,,,,,,,,,,,
2020-05-14,0,,,,,,,,,,,,,,,,,,,,,,,,,,,,,,,,,,,,,,,,,,28,,,,,,,,,,,,,,,,,,,,,,,,,,,,,,,,,,,,,,,,,,,,,,,,,,,,,,4,,,,,,,,,,,,,,,,,,,,,,,,,,,,,,,,,,,,,,,,,,,,,,,,,,,,,,,,,,,,,,,,,,,,,,,
2020-05-15,0,,,,,,,,,,,,,,,,,,,,,,,,,,,,,,,,,,,,,,,,,,28,,,,,,,,,,,,,,,,,,,,,,,,,,,,,,,,,,,,,,,,,,,,,,,,,,,,,,5,,,,,,,,,,,,,,,0,0,0,,,,,,,,,,,,,,,,,,,,,,,,,,,,,,,,,,,,,,,,,,,,,,,,,,,,,,
2020-05-16,0,,,,,,,,,,,,,,,,,,,,,,,,,,,,,,,,,,,,,,,,,,25,,,,,,,,,,,,,,,,,,,,,,,,,,,,,,,,,,,,,,,,,,,,,,,,,,,,,,5,,,,,,,,,,,,,,,0,0,1,,,,,,,,,,,,,,,,,,,,,,,,,,,,,,,,,,,,,,,,,,,,,,,,,,,,,,
2020-05-17,0,,,,,,,,,,,,,,,,,,,,,,,,,,,,,,,,,,,,,,,,,,19,,,,,,,,,,,,,,,,,,,,,,,,,,,,,,,,,,,,,,,,,,,,,,,,,,,,,,5,,,,,,,,,,,,,,,0,0,1,,,,,,,,,,,,,,,,,,,,,,,,,,,,,,,,,,,,,,,,,,,,,,,,,,,,,,
2020-05-18,0,,,,,,,,,,,,,,,,,,,,,,,,,,,,,,,,,,,,,,,,,,25,,,,,,,,,,,,,,,,,,,,,,,,,,,,,,,,,,,,,,,,,,0,0,2,,,,,,,,,,2,,,,,,,,,,,,,,,0,1,0,,,,,,,,,,,,,,,,,,,,,,,,,,,,,,,,,,,,,,,,,,,,,,,,,,,,,,
2020-05-19,0,,,,,,,,,,,,,,,,,,,,,,,,,,,,,,,,,,,,,,,,,,29,,,,,,,,,,,,,,,,,,,,,,,,,,,,,,,,,,,,,,,,,,,,,,,,,,,,,,7,,,,,,,,,,,,,,,0,1,1,,,,,,,,,,,,,,,,,,,,,,,,,,,,,,,,,,,,,,,,,,,,,,,,,,,,,,
2020-05-20,1,,,,,,,,,,,,,,,,,,,,,,,,,,,,,,,,,,,,,,,,,,28,,,,,,,,,,,,,,,,,,,,,,,,,,,,,,,,,,,,,,,,,,,,,,,,,,,,,,6,,,,,,,,,,,,,,,0,1,2,,,,,,,,,,,,,,,,,,,,,,,,,,,,,,,,,,,,,,,,,,,,,,,,,,,,,,
2020-05-21,0,,,,,,,,,,,,,,,,,,,,,,,,,,,,,,,,,,,,,,,,,,29,,,,,,,,,,,,,,,,,,,,,,,,,,,,,,,,,,,,,,,,,,0,0,3,,,,,,,,,,6,,,,,,,,,,,,,,,0,1,2,,,,,,,,,,,,,,,,,,,,,,,,,,,,,,,,,,,,,,,,,,,,,,,,,,,,,,
2020-05-22,0,,,,,,,,,,,,,,,,,,,,,,,,,,,,,,,,,,,,,,,,,,30,,,,,,,,,,,,,,,,,,,,,,,,,,,,,,,,,,,,,,,,,,0,0,2,,,,,,,,,,0,,,,,,,,,,,,,,,0,0,2,,,,,,,,,,,,,,,,,,,,,,,,,,,,,,,,,,,,,,,,,,,,,,,,,,,,,,
2020-05-23,0,,,,,,,,,,,,,,,,,,,,,,,,,,,,,,,,,,,,,,,,,,25,,,,,,,,,,,,,,,,,,,,,,,,,,,,,,,,,,,,,,,,,,,,,,,,,,,,,,0,,,,,,,,,,,,,,,0,1,1,,,,,,,,,,,,,,,,,,,,,,,,,,,,,,,,,,,,,,,,,,,,,,,,,,,,,,
2020-05-24,0,,,,,,,,,,,,,,,,,,,,,,,,,,,,,,,,,,,,,,,,,,25,,,,,,,,,,,,,,,,,,,,,,,,,,,,,,,,,,,,,,,,,,,,,,,,,,,,,,0,,,,,,,,,,,,,,,0,0,1,,,,,,,,,,,,,,,,,,,,,,,,,,,,,,,,,,,,,,,,,,,,,,,,,,,,,,
2020-05-25,0,,,,,,,,,,,,,,,,,,,,,,,,,,,,,,,,,,,,,,,,,,25,,,,,,,,,,,,,,,,,,,,,,,,,,,,,,,,,,,,,,,,,,0,0,1,,,,,,,,,,0,,,,,,,,,,,,,,,0,0,0,,,,,,,,,,,,,,,,,,,,,,,,,,,,,,,,,,,,,,,,,,,,,,,,,,,,,,
2020-05-26,0,,,,,,,,,,,,,,,,,,,,,,,,,,,,,,,,,,,,,,,,,,25,,,,,,,,,,,,,,,,,,,,,,,,,,,,,,,,,,,,,,,,,,,,,,,,,,,,,,3,,,,,,,,,,,,,,,0,1,2,,,,,,,,,,,,,,,,,,,,,,,,,,,,,,,,,,,,,,,,,,,,,,,,,,,,,,
2020-05-27,0,,,,,,,,,,,,,,,,,,,,,,,,,,,,,,,,,,,,,,,,,,0,,,,,,,,,,,,,,,,,,,,,,,,,,,,,,,,,,,,,,,,,,,,,,,,,,,,,,1,,,,,,,,,,,,,,,0,0,2,,,,,,,,,,,,,,,,,,,,,,,,,,,,,,,,,,,,,,,,,,,,,,,,,,,,,,
2020-05-28,0,,,,,,,,,,,,,,,,,,,,,,,,,,,,,,,,,,,,,,,,,,0,,,,,,,,,,,,,,,,,,,,,,,,,,,,,,,,,,,,,,,,,,,,,,,,,,,,,,1,,,,,,,,,,,,,,,0,0,5,,,,,,,,,,,,,,,,,,,,,,,,,,,,,,,,,,,,,,,,,,,,,,,,,,,,,,
2020-05-29,1,,,,,,,,,,,,,,,,,,,,,,,,,,,,,,,,,,,,,,,,,,2,,,,,,,,,,,,,,,,,,,,,,,,,,,,,,,,,,,,,,,,,,,,,,,,,,,,,,7,,,,,,,,,,,,,,,0,0,5,,,,,,,,,,,,,,,,,,,,,,,,,,,,,,,,,,,,,,,,,,,,,,,,,,,,,,
2020-05-30,1,,,,,,,,,,,,,,,,,,,,,,,,,,,,,,,,,,,,,,,,,,3,,,,,,,,,,,,,,,,,,,,,,,,,,,,,,,,,,,,,,,,,,,,,,,,,,,,,,13,,,,,,,,,,,,,,,0,0,2,,,,,,,,,,,,,,,,,,,,,,,,,,,,,,,,,,,,,,,,,,,,,,,,,,,,,,
2020-05-31,0,,,,,,,,,,,,,,,,,,,,,,,,,,,,,,,,,,,,,,,,,,3,,,,,,,,,,,,,,,,,,,,,,,,,,,,,,,,,,,,,,,,,,,,,,,,,,,,,,13,,,,,,,,,,,,,,,0,0,2,,,,,,,,,,,,,,,,,,,,,,,,,,,,,,,,,,,,,,,,,,,,,,,,,,,,,,
2020-06-01,0,,,,,,,,,,,,,,,,,,,,,,,,,,,,,,,,,,,,,,,,,,3,,,,,,,,,,,,,,,,,,,,,,,,,,,,,,,,,,,,,,,,,,,,,,,,,,,,,,3,,,,,,,,,,,,,,,0,0,2,,,,,,,,,,,,,,,,,,,,,,,,,,,,,,,,,,,,,,,,,,,,,,,,,,,,,,
2020-06-02,0,,,,,,,,,,,,,,,,,,,,,,,,,,,,,,,,,,,,,,,,,,4,,,,,,,,,,,,,,,,,,,,,,,,,,,,,,,,,,,,,,,,,,,,,,,,,,,,,,4,,,,,,,,,,,,,,,0,0,2,,,,,,,,,,,,,,,,,,,,,,,,,,,,,,,,,,,,,,,,,,,,,,,,,,,,,,
2020-06-03,0,,,,,,,,,,,,,,,,,,,,,,,,,,,,,,,,,,,,,,,,,,4,,,,,,,,,,,,,,,,,,,,,,,,,,,,,,,,,,,,,,,,,,,,,,,,,,,,,,3,,,,,,,,,,,,,,,0,2,3,,,,,,,,,,,,,,,,,,,,,,,,,,,,,,,,,,,,,,,,,,,,,,,,,,,,,,
2020-06-04,0,,,,,,,,,,,,,,,,,,,,,,,,,,,,,,,,,,,,,,,,,,1,,,,,,,,,,,,,,,,,,,,,,,,,,,,,,,,,,,,,,,,,,,,,,,,,,,,,,4,,,,,,,,,,,,,,,0,0,3,,,,,,,,,,,,,,,,,,,,,,,,,,,,,,,,,,,,,,,,,,,,,,,,,,,,,,
2020-06-05,0,,,,,,,,,,,,,,,,,,,,,,,,,,,,,,,,,,,,,,,,,,1,,,,,,,,,,,,,,,,,,,,,,,,,,,,,,,,,,,,,,,,,,,,,,,,,,,,,,10,,,,,,,,,,,,,,,0,1,3,,,,,,,,,,,,,,,,,,,,,,,,,,,,,,,,,,,,,,,,,,,,,,,,,,,,,,
2020-06-06,0,,,,,,,,,,,,,,,,,,,,,,,,,,,,,,,,,,,,,,,,,,1,,,,,,,,,,,,,,,,,,,,,,,,,,,,,,,,,,,,,,,,,,,,,,,,,,,,,,15,,,,,,,,,,,,,,,0,0,5,,,,,,,,,,,,,,,,,,,,,,,,,,,,,,,,,,,,,,,,,,,,,,,,,,,,,,
2020-06-07,0,,,,,,,,,,,,,,,,,,,,,,,,,,,,,,,,,,,,,,,,,,1,,,,,,,,,,,,,,,,,,,,,,,,,,,,,,,,,,,,,,,,,,,,,,,,,,,,,,15,,,,,,,,,,,,,,,0,0,5,,,,,,,,,,,,,,,,,,,,,,,,,,,,,,,,,,,,,,,,,,,,,,,,,,,,,,
2020-06-08,0,,,,,,,,,,,,,,,,,,,,,,,,,,,,,,,,,,,,,,,,,,1,,,,,,,,,,,,,,,,,,,,,,,,,,,,,,,,,,,,,,,,,,0,0,0,,,,,,,,,,4,,,,,,,,,,,,,,,0,0,3,,,,,,,,,,,,,,,,,,,,,,,,,,,,,,,,,,,,,,,,,,,,,,,,,,,,,,
2020-06-09,0,,,,,,,,,,,,,,,,,,,,,,,,,,,,,,,,,,,,,,,,,,1,,,,,,,,,,,,,,,,,,,,,,,,,,,,,,,,,,,,,,,,,,0,0,0,,,,,,,,,,4,,,,,,,,,,,,,,,0,0,2,,,,,,,,,,,,,,,,,,,,,,,,,,,,,,,,,,,,,,,,,,,,,,,,,,,,,,
2020-06-10,0,,,,,,,,,,,,,,,,,,,,,,,,,,,,,,,,,,,,,,,,,,1,,,,,,,,,,,,,,,,,,,,,,,,,,,,,,,,,,,,,,,,,,0,0,0,,,,,,,,,,1,,,,,,,,,,,,,,,0,0,3,,,,,,,,,,,,,,,,,,,,,,,,,,,,,,,,,,,,,,,,,,,,,,,,,,,,,,
2020-06-11,0,,,,,,,,,,,,,,,,,,,,,,,,,,,,,,,,,,,,,,,,,,1,,,,,,,,,,,,,,,,,,,,,,,,,,,,,,0,0,0,,,,,,,,,,0,0,0,,,,,,,,,,1,,,,,,,,,,,,,,,0,1,3,,,,,,,,,,,,,,,,,,,,,,,,,,,,,,,,,,,,,,,,,,,,,,,,,,,,,,
2020-06-12,0,,,,,,,,,,,,,,,,,,,,,,,,,,,,,,,,,,,,,,,,,,12,,,,,,,,,,,,,,,,,,,,,,,,,,,,,,0,0,0,,,,,,,,,,0,0,1,,,,,,,,,,2,,,,,,,,,,,,,,,0,0,1,,,,,,,,,,,,,,,,,,,,,,,,,,,,,,,,,,,,,,,,,,,,,,,,,,,,,,
2020-06-13,0,,,,,,,,,,,,,,,,,,,,,,,,,,,,,,,,,,,,,,,,,,10,,,,,,,,,,,,,,,,,,,,,,,,,,,,,,0,0,0,,,,,,,,,,0,0,1,,,,,,,,,,7,,,,,,,,,,,,,,,0,0,0,,,,,,,,,,,,,,,,,,,,,,,,,,,,,,,,,,,,,,,,,,,,,,,,,,,,,,
2020-06-14,0,,,,,,,,,,,,,,,,,,,,,,,,,,,,,,,,,,,,,,,,,,11,,,,,,,,,,,,,,,,,,,,,,,,,,,,,,0,0,0,,,,,,,,,,0,0,1,,,,,,,,,,7,,,,,,,,,,,,,,,0,0,0,,,,,,,,,,,,,,,,,,,,,,,,,,,,,,,,,,,,,,,,,,,,,,,,,,,,,,
2020-06-15,0,,,,,,,,,,,,,,,,,,,,,,,,,,,,,,,,,,,,,,,,,,2,,,,,,,,,,,,,,,,,,,,,,,,,,,,,,0,0,0,,,,,,,,,,0,0,1,,,,,,,,,,0,,,,,,,,,,,,,,,0,0,1,,,,,,,,,,,,,,,,,,,,,,,,,,,,,,,,,,,,,,,,,,,,,,,,,,,,,,
2020-06-16,0,,,,,,,,,,,,,,,,,,,,,,,,,,,,,,,,,,,,,,,,,,2,,,,,,,,,,,,,,,,,,,,,,,,,,,,,,,,,,,,,,,,,,0,0,1,,,,,,,,,,3,,,,,,,,,,,,,,,0,0,1,,,,,,,,,,,,,,,,,,,,,,,,,,,,,,,,,,,,,,,,,,,,,,,,,,,,,,
2020-06-17,0,,,,,,,,,,,,,,,,,,,,,,,,,,,,,,,,,,,,,,,,,,2,,,,,,,,,,,,,,,,,,,,,,,,,,,,,,,,,,,,,,,,,,0,0,1,,,,,,,,,,3,,,,,,,,,,,,,,,0,0,1,,,,,,,,,,,,,,,,,,,,,,,,,,,,,,,,,,,,,,,,,,,,,,,,,,,,,,
2020-06-18,0,,,,,,,,,,,,,,,,,,,,,,,,,,,,,,,,,,,,,,,,,,1,,,,,,,,,,,,,,,,,,,,,,,,,,,,,,,,,,,,,,,,,,,,,,,,,,,,,,3,,,,,,,,,,,,,,,0,0,1,,,,,,,,,,,,,,,,,,,,,,,,,,,,,,,,,,,,,,,,,,,,,,,,,,,,,,
2020-06-19,0,,,,,,,,,,,,,,,,,,,,,,,,,,,,,,,,,,,,,,,,,,10,,,,,,,,,,,,,,,,,,,,,,,,,,,,,,,,,,,,,,,,,,,,,,,,,,,,,,3,,,,,,,,,,,,,,,0,0,0,,,,,,,,,,,,,,,,,,,,,,,,,,,,,,,,,,,,,,,,,,,,,,,,,,,,,,
2020-06-20,0,,,,,,,,,,,,,,,,,,,,,,,,,,,,,,,,,,,,,,,,,,10,,,,,,,,,,,,,,,,,,,,,,,,,,,,,,,,,,,,,,,,,,,,,,,,,,,,,,4,,,,,,,,,,,,,,,0,0,0,,,,,,,,,,,,,,,,,,,,,,,,,,,,,,,,,,,,,,,,,,,,,,,,,,,,,,
2020-06-21,0,,,,,,,,,,,,,,,,,,,,,,,,,,,,,,,,,,,,,,,,,,10,,,,,,,,,,,,,,,,,,,,,,,,,,,,,,,,,,,,,,,,,,,,,,,,,,,,,,4,,,,,,,,,,,,,,,0,0,0,,,,,,,,,,,,,,,,,,,,,,,,,,,,,,,,,,,,,,,,,,,,,,,,,,,,,,
2020-06-22,0,,,,,,,,,,,,,,,,,,,,,,,,,,,,,,,,,,,,,,,,,,9,,,,,,,,,,,,,,,,,,,,,,,,,,,,,,,,,,,,,,,,,,,,,,,,,,,,,,2,,,,,,,,,,,,,,,0,0,2,,,,,,,,,,,,,,,,,,,,,,,,,,,,,,,,,,,,,,,,,,,,,,,,,,,,,,
2020-06-23,0,,,,,,,,,,,,,,,,,,,,,,,,,,,,,,,,,,,,,,,,,,21,,,,,,,,,,,,,,,,,,,,,,,,,,,,,,,,,,,,,,,,,,,,,,,,,,,,,,3,,,,,,,,,,,,,,,0,0,3,,,,,,,,,,,,,,,,,,,,,,,,,,,,,,,,,,,,,,,,,,,,,,,,,,,,,,
2020-06-24,0,,,,,,,,,,,,,,,,,,,,,,,,,,,,,,,,,,,,,,,,,,5,,,,,,,,,,,,,,,,,,,,,,,,,,,,,,,,,,,,,,,,,,,,,,,,,,,,,,2,,,,,,,,,,,,,,,0,0,0,,,,,,,,,,,,,,,,,,,,,,,,,,,,,,,,,,,,,,,,,,,,,,,,,,,,,,
2020-06-25,0,,,,,,,,,,,,,,,,,,,,,,,,,,,,,,,,,,,,,,,,,,7,,,,,,,,,,,,,,,,,,,,,,,,,,,,,,,,,,,,,,,,,,,,,,,,,,,,,,3,,,,,,,,,,,,,,,0,0,1,,,,,,,,,,,,,,,,,,,,,,,,,,,,,,,,,,,,,,,,,,,,,,,,,,,,,,
2020-06-26,0,,,,,,,,,,,,,,,,,,,,,,,,,,,,,,,,,,,,,,,,,,7,,,,,,,,,,,,,,,,,,,,,,,,,,,,,,,,,,,,,,,,,,,,,,,,,,,,,,2,,,,,,,,,,,,,,,0,0,0,,,,,,,,,,,,,,,,,,,,,,,,,,,,,,,,,,,,,,,,,,,,,,,,,,,,,,
2020-06-27,0,,,,,,,,,,,,,,,,,,,,,,,,,,,,,,,,,,,,,,,,,,9,,,,,,,,,,,,,,,,,,,,,,,,,,,,,,,,,,,,,,,,,,,,,,,,,,,,,,6,,,,,,,,,,,,,,,0,0,0,,,,,,,,,,,,,,,,,,,,,,,,,,,,,,,,,,,,,,,,,,,,,,,,,,,,,,
2020-06-28,0,,,,,,,,,,,,,,,,,,,,,,,,,,,,,,,,,,,,,,,,,,8,,,,,,,,,,,,,,,,,,,,,,,,,,,,,,,,,,,,,,,,,,,,,,,,,,,,,,6,,,,,,,,,,,,,,,0,0,0,,,,,,,,,,,,,,,,,,,,,,,,,,,,,,,,,,,,,,,,,,,,,,,,,,,,,,
2020-06-29,0,,,,,,,,,,,,,,,,,,,,,,,,,,,,,,,,,,,,,,,,,,9,,,,,,,,,,,,,,,,,,,,,,,,,,,,,,,,,,,,,,,,,,,,,,,,,,,,,,1,,,,,,,,,,,,,,,0,0,0,,,,,,,,,,,,,,,,,,,,,,,,,,,,,,,,,,,,,,,,,,,,,,,,,,,,,,
2020-06-30,0,,,,,,,,,,,,,,,,,,,,,,,,,,,,,,,,,,,,,,,,,,9,,,,,,,,,,,,,,,,,,,,,,,,,,,,,,,,,,,,,,,,,,,,,,,,,,,,,,1,,,,,,,,,,,,,,,0,0,1,,,,,,,,,,,,,,,,,,,,,,,,,,,,,,,,,,,,,,,,,,,,,,,,,,,,,,
2020-07-01,0,,,,,,,,,,,,,,,,,,,,,,,,,,,,,,,,,,,,,,,,,,3,,,,,,,,,,,,,,,,,,,,,,,,,,,0,0,0,,,,,,,,,,,,,0,0,1,,,,,,,,,,2,,,,,,,,,,,,,,,0,0,3,,,,,,,,,,,,,,,,,,,,,,,,,,,,,,,,,,,,,,,,,,,,,,,,,,,,,,
2020-07-02,0,,,,,,,,,,,,,,,,,,,,,,,,,,,,,,,,,,,,,,,,,,0,,,,,,,,,,,,,,,,,,,,,0,0,0,,,,0,0,0,,,,,,,,,,,,,0,0,0,,,,,,,,,,2,,,,,,,,,,,,,,,0,0,3,,,,,,,,,,,,,,,,,,,,,,,,,,,,,,,,,,,,,,,,,,,,,,,,,,,,,,
2020-07-03,0,,,,,,,,,,,,,,,,,,,,,,,,,,,,,,,,,,,,,,,,,,0,,,,,,,,,,,,,,,,,,,,,,,,,,,0,0,0,,,,,,,,,,,,,0,0,2,,,,,,,,,,6,,,,,,,,,,,,,,,0,0,3,,,,,,,,,,,,,,,,,,,,,,,,,,,,,,,,,,,,,,,,,,,,,,,,,,,,,,
2020-07-04,0,,,,,,,,,,,,,,,,,,,,,,,,,,,,,,,,,,,,,,,,,,10,,,,,,,,,,,,,,,,,,,,,,,,,,,0,0,0,,,,,,,,,,,,,,,,,,,,,,,,,6,,,,,,,,,,,,,,,0,0,3,,,,,,,,,,,,,,,,,,,,,,,,,,,,,,,,,,,,,,,,,,,,,,,,,,,,,,
2020-07-05,0,,,,,,,,,,,,,,,,,,,,,,,,,,,,,,,,,,,,,,,,,,9,,,,,,,,,,,,,,,,,,,,,,,,,,,0,0,0,,,,,,,,,,,,,0,0,3,,,,,,,,,,6,,,,,,,,,,,,,,,0,0,1,,,,,,,,,,,,,,,,,,,,,,,,,,,,,,,,,,,,,,,,,,,,,,,,,,,,,,
2020-07-06,0,,,,,,,,,,,,,,,,,,,,,,,,,,,,,,,,,,,,,,,,,,11,,,,,,,,,,,,,,,,,,,,,,,,,,,0,0,0,0,0,0,,,,,,,,,,,,,,,,,,,,,,2,,,,,,,,,,,,,,,0,0,1,,,,,,,,,,,,,,,,,,,,,,,,,,,,,,,,,,,,,,,,,,,,,,,,,,,,,,
2020-07-07,0,,,,,,,,,,,,,,,,,,,,,,,,,,,,,,,,,,0,,,,,,,,10,,,,,,,,,,,,,,,,,,,,,,,,,,,0,0,0,0,0,0,,,,,,,,,,0,0,3,,,,,,,,,,1,,,,,,,,,,,,,,,0,0,2,,,,,,,,,,,,,,,,,,,,,,,,,,,,,,,,,,,,,,,,,,,,,,,,,,,,,,
2020-07-08,1,,,,,,,,,,,,,,,,,,,,,,,,,,,,,,,,,,0,,,,,,,,11,,,,,,,,,,,,,,,,,,,,,,,,,,,0,0,0,0,0,0,,,,,,,,,,0,0,3,,,,,,,,,,1,,,,,,,,,,,,,,,0,0,2,,,,,,,,,,,,,,,,,,,,,,,,,,,,,,,,,,,,,2,,,,,,,,,,,,,,,,,
2020-07-09,1,,,,,,,,,,,,,,,,,,,,,,,,,,,,,,,,,,0,,,,,,,,13,,,,,,,,,,,,,,,,,,,,,,,,,,,0,0,0,0,0,0,,,,,,,,,,,,,,,,,,,,,,2,,,,,,,,,,,,,,,0,0,1,,,,,,,,,,,,,,,,,,,,,,,,,,,,,,,,,,,,,2,,,,,,,,,,,,,,,,,
2020-07-10,1,,,,,,,,,,,,,,,,,,,,,,,,,,,,,,,,,,0,,,,,,,,16,,,,,,,,,,,,,,,,,,,,,,,,,,,0,0,0,0,0,0,,,,,,,,,,0,0,2,,,,,,,,,,2,,,,,,,,,,,,,,,0,0,0,,,,,,,,,,,,,37,24,201,,,,,,,,,,,,,,,,,,,,,,3,,,,,,,,,,,,,,,,,
2020-07-11,1,,,,,,,,,,,,,,,,,,,,,,,,,,,,,,,,,,0,,,,,,,,13,,,,,,,,,,,,,,,,,,,,,,,,,,,0,0,0,,,,,,,,,,,,,0,0,2,,,,,,,,,,10,,,,,,,,,,,,,,,0,0,0,,,,,,,,,,,,,0,0,16,,,,,,,,,,150,,401,,,,,,,,,,1,,,,,,,,,,,,,,,,,
2020-07-12,1,,,,,,,,,,,,,,,,,,,,,,,,,,,,,,,,,,0,,,,,,,,12,,,,,,,,,,,,,,,,,,,,,,,,,,,0,0,0,,,,,,,,,,,,,0,0,2,,,,,,,,,,10,,,,,,,,,,,,,,,0,0,2,,,,,,,,,,,,,0,0,16,,,,,,,,,,152,,386,,,,,,,,,,1,,,,,,,,,,,,,,,,,
2020-07-13,1,,,,,,,,,,,,,,,,,,,,,,,,,,,,,,,,,,0,,,,,,,,15,,,,,,,,,,,,,,,,,,,,,,,,,,,0,0,0,,,,,,,,,,,,,,,,,,,,,,,,,3,,,,,,,,,,,,,,,0,0,3,,,,,,,,,,,,,0,0,16,,,,,,,,,,88,,235,,,,,,,,,,2,,,,,,,,,,,,,,,,,
2020-07-14,1,,,,,,,,,,,,,,,,,,,,,,,,,,,,,,,,,,0,,,,,,,,21,,,,,,,,,,,,,,,,,,,,,31,,,,,,0,0,0,,,,,,,,,,,,,0,0,2,,,,,,,,,,15,,,,,,,,,,,,,,,0,0,2,,,,,,,,,,,,,0,0,16,,,,,,,,,,146,,355,,,,,,,,,,3,,,,,,,,,,,,,,,,,
2020-07-15,2,0,11,401,161,1366,233,54,396,,,,571,195,2106,1032,615,4917,68,16,174,18,9,31,6,4,14,7,1,103,1167,451,4924,415,144,1296,,,,4,4,20,52,30,153,26,10,139,185,68,643,201,45,183,36,33,146,0,33,21,280,147,1127,38,20,175,97,47,378,5,1,6,49,33,116,14,4,77,158,69,483,,,,192,52,469,5,3,33,274,90,685,,,,36,,104,3,1,15,40,20,170,58,19,342,259,1,851,178,58,728,172,55,479,186,50,422,25,5,110,87,42,383,0,0,0,1,0,11,283,114,1193,5,15,24,228,141,595,1789,752,6474,56,18,141,112,46,435,2,,,2,7,5,64,26,291,91,79,301,28,8,161,1,1,8
2020-07-16,3,1,14,427,145,1383,270,53,435,,,,555,173,2240,1136,575,5082,118,37,367,20,11,34,10,11,32,7,1,100,1107,663,6402,423,202,1497,,,,3,2,22,75,28,217,35,19,158,170,69,635,213,35,460,49,35,172,1,46,26,253,120,1180,31,33,176,101,48,385,6,0,7,43,17,116,6,5,37,156,69,512,,,,229,88,526,7,16,43,283,111,915,,,,33,,97,3,2,28,80,23,285,35,19,333,261,7,882,185,73,765,178,125,508,173,54,457,35,14,116,104,55,401,0,0,0,6,1,193,335,116,1276,3,17,23,235,94,641,1884,1014,7296,61,20,139,123,88,521,2,,,1,6,4,69,22,321,96,83,303,32,13,160,5,1,53
2020-07-17,2,1,13,421,235,1435,279,45,404,,,,637,141,2286,1207,614,5178,93,29,261,10,6,61,8,7,34,6,1,102,1478,852,7197,459,216,1611,,,,4,0,20,52,20,183,45,18,169,197,104,694,227,52,494,59,51,180,1,38,6,260,136,1170,26,26,164,113,41,399,6,0,6,42,23,143,6,3,36,157,57,517,,,,245,88,559,10,7,42,288,118,927,,,,39,,106,3,0,27,80,33,322,64,24,366,275,4,876,175,73,760,176,124,524,182,47,440,35,11,125,135,42,461,0,1,0,6,1,194,344,118,1296,5,16,28,214,128,640,2000,1012,7451,67,24,162,153,85,595,2,,,1,6,4,66,29,310,117,62,332,36,17,176,5,3,9
2020-07-18,2,4,6,421,157,1469,280,57,505,,,,554,145,2191,1175,602,5109,100,35,261,10,7,62,9,7,33,5,1,101,1574,818,7475,473,226,1735,,,,4,4,23,78,20,218,46,12,170,191,96,682,134,46,523,55,44,171,6,40,20,272,144,1252,29,21,173,111,49,388,6,0,5,45,17,151,5,5,36,183,74,530,,,,370,74,538,10,8,43,267,91,832,,,,40,,115,4,1,18,81,27,304,48,25,368,259,4,880,148,59,706,193,131,528,323,50,505,34,13,125,129,39,469,0,1,0,5,6,244,336,129,1278,6,26,25,297,144,802,2100,847,7393,81,29,179,144,110,589,2,,,1,6,3,62,26,316,92,33,329,46,7,157,5,5,10
2020-07-19,1,2,17,406,125,1387,287,38,412,,,,638,151,2222,1067,405,5189,92,26,250,10,9,63,9,6,33,5,2,109,1014,455,4947,484,180,1687,,,,4,0,23,58,20,178,46,16,172,198,83,696,238,37,494,57,47,179,5,38,18,287,136,1311,31,23,177,110,54,401,6,1,8,55,29,156,5,8,44,174,59,541,,,,263,59,568,10,6,41,275,94,810,,,,43,2,122,7,2,18,79,25,308,61,23,375,295,5,918,154,28,725,182,147,535,163,40,491,41,10,124,135,31,462,0,1,0,3,0,225,338,145,1315,6,3,21,309,110,834,2133,776,7607,86,17,179,161,128,623,2,,,1,6,3,60,30,324,96,51,357,33,9,154,6,4,9
2020-07-20,4,3,16,446,136,1554,334,41,407,,,,649,142,2247,1258,622,5238,101,41,272,11,11,62,6,7,23,5,0,110,1635,669,7631,459,197,1609,,,,5,1,34,74,23,224,46,19,196,195,95,666,246,37,509,61,30,188,1,40,7,297,128,1165,29,19,173,98,51,360,6,1,9,50,19,146,6,8,51,174,44,557,,,,254,71,577,9,6,56,263,92,826,,,,40,1,116,7,6,22,75,22,274,66,23,382,293,5,925,160,47,803,185,111,501,225,43,480,46,8,121,113,25,363,0,1,0,3,3,233,367,110,1351,6,2,19,243,102,673,2078,761,7715,81,9,160,156,60,621,2,,,1,11,3,73,29,294,132,43,380,35,5,69,5,5,14
2020-07-21,3,4,17,445,177,1537,241,54,391,,,,654,275,2161,1296,610,5415,101,43,255,10,8,62,6,7,20,4,2,112,1735,912,8121,480,229,1630,,,,4,3,31,71,29,224,48,22,206,193,84,679,268,33,635,69,30,171,28,64,67,303,159,1411,26,13,154,105,52,398,9,3,13,56,21,154,5,1,39,174,59,559,,,,264,87,603,11,16,65,270,107,837,,,,43,0,119,9,3,23,68,34,274,66,23,370,290,19,926,165,116,700,238,136,591,227,110,499,42,15,119,123,60,465,0,1,0,5,5,234,363,139,1336,6,1,19,305,156,809,2055,919,7776,77,3,168,152,96,633,1,1,5,1,11,2,73,43,312,121,50,362,34,7,72,5,1,12
2020-07-22,3,6,19,389,122,1491,201,94,420,,,,630,259,2026,1364,453,6717,104,29,239,15,2,72,11,58,89,8,1,126,2062,804,9132,522,208,1860,,,,5,1,30,74,34,239,47,23,191,213,81,783,252,9,314,78,32,198,135,43,4,421,193,1442,25,2,194,164,72,589,8,3,11,69,22,211,4,3,32,167,68,590,,,,309,61,824,13,13,63,348,129,1079,,,,49,2,126,11,7,29,78,25,319,58,12,379,282,3,946,155,158,705,269,83,792,210,53,492,35,7,119,145,70,614,0,0,0,6,4,38,365,123,1407,3,2,13,385,161,1052,2379,907,8306,71,17,165,154,43,660,1,2,6,1,1,3,81,29,312,115,43,358,34,17,77,8,0,14
2020-07-23,4,5,26,456,153,1588,214,53,409,,,,748,266,2340,1989,717,7283,101,51,312,15,3,73,13,61,96,10,1,120,2111,814,9852,680,266,2075,,,,4,4,31,73,116,232,53,24,209,241,89,811,274,17,379,78,24,201,130,50,4,423,172,639,19,56,159,149,59,586,10,1,12,88,32,274,7,6,41,204,83,576,,,,307,106,839,12,12,44,342,120,1066,,,,48,,128,10,6,28,59,58,406,62,21,383,291,0,985,151,75,697,250,113,726,219,71,510,36,17,132,168,90,641,0,,0,10,8,35,391,167,1382,2,2,12,399,151,1128,2015,332,7392,78,4,183,161,67,640,1,0,4,0,1,3,94,30,387,120,28,382,38,21,84,9,3,18
2020-07-24,3,3,26,484,99,1540,218,65,416,,,,767,281,2237,1955,752,7233,103,66,349,14,7,65,29,45,101,7,0,110,2134,813,9704,718,257,2171,,,,6,4,28,74,78,222,45,16,202,230,90,803,274,15,388,75,34,204,109,37,100,420,151,638,21,36,143,166,56,620,10,2,12,90,30,277,46,13,164,215,90,577,,,,319,107,811,13,16,69,349,110,1064,,,,39,,124,9,6,27,58,31,393,60,21,376,293,1,995,159,74,758,268,138,791,220,74,524,30,5,128,159,84,634,0,,0,10,7,38,395,196,1412,1,3,11,385,151,1116,1966,568,7002,64,19,169,170,45,665,1,0,4,0,0,1,68,29,383,124,43,393,40,15,87,10,2,14
2020-07-25,5,11,32,469,139,1807,231,58,647,,,,767,248,2406,1990,843,7158,99,50,432,15,9,70,24,45,89,9,2,150,2128,830,10156,571,276,1974,,,,8,5,19,84,60,229,43,17,236,227,97,798,271,11,464,75,33,323,112,33,309,425,132,613,37,22,454,169,61,629,10,3,70,92,23,269,49,17,161,237,129,713,,,,329,101,837,14,13,67,354,175,985,,,,41,5,115,9,4,63,54,24,516,58,17,403,300,0,1046,169,92,762,276,116,921,177,67,566,37,9,119,155,107,968,0,,69,7,10,30,392,201,1783,1,4,26,394,164,1405,2612,778,8097,64,27,206,168,53,897,3,0,8,0,0,1,104,27,380,111,31,351,36,10,306,11,1,10
2020-07-26,8,2,30,481,176,1710,229,52,530,,,,748,264,2194,1957,716,6970,96,38,321,15,8,68,23,45,92,11,1,154,2156,701,9754,609,265,1981,,,,7,4,28,77,36,235,45,20,190,221,82,727,272,10,467,69,24,267,119,119,384,409,172,616,28,24,274,163,60,588,11,4,70,116,26,275,32,24,171,212,61,615,,,,331,93,818,14,11,68,362,181,908,,,,42,4,111,8,5,63,61,26,512,55,17,409,293,1,916,169,89,766,267,124,843,198,50,561,35,5,113,156,107,666,0,,29,9,9,38,399,203,1584,2,2,28,415,134,1245,513,184,1576,76,2,202,157,55,811,3,0,7,0,0,1,106,28,371,110,23,328,39,10,273,12,1,13
2020-07-27,4,5,34,496,136,1604,228,55,411,,,,736,221,2036,1941,728,7203,95,43,338,14,2,55,23,41,87,10,1,131,2148,698,9600,599,204,1882,,,,12,11,39,80,34,257,51,20,203,234,89,754,270,9,377,63,27,211,107,113,320,430,189,669,30,27,143,166,68,599,9,4,12,87,30,275,56,17,189,214,57,577,,,,323,91,836,13,14,64,360,166,930,,,,43,2,119,8,5,19,54,35,364,51,13,369,303,1,1003,155,89,720,274,147,821,214,53,554,40,11,133,199,119,624,0,,0,8,13,37,371,171,1389,2,2,15,415,127,1163,2440,675,7533,85,20,204,148,55,683,3,1,5,0,0,1,108,29,401,115,27,350,38,13,95,8,1,18
2020-07-28,5,2,31,477,127,1612,232,70,411,,,,734,263,1998,1995,885,7047,91,51,334,13,8,51,16,41,87,11,1,138,2152,755,9413,578,259,1874,,,,15,11,46,74,23,249,56,23,212,230,92,759,270,11,408,66,34,217,112,500,326,452,199,637,30,33,144,160,71,605,8,6,12,96,39,296,63,24,198,220,89,585,,,,339,121,843,18,16,72,363,148,937,8,4,17,40,4,124,9,6,21,61,31,386,30,11,352,301,2,968,149,80,779,263,124,843,201,72,571,37,18,138,213,144,656,14,13,72,10,17,48,370,201,1382,2,4,14,362,108,1050,3003,826,9535,85,9,210,157,58,687,3,0,4,0,0,1,115,26,379,121,26,363,35,22,91,9,45,19
2020-07-29,5,0,34,490,129,1620,246,64,434,,,,702,136,1905,1955,832,6862,92,51,338,12,8,60,10,9,94,9,0,128,2089,753,8871,606,243,2031,,,,10,7,51,80,34,241,54,26,217,236,93,763,272,62,415,70,30,235,110,131,329,440,206,641,34,15,143,159,62,616,11,7,14,107,39,310,70,22,191,220,66,583,,,,337,113,841,15,18,49,366,127,989,20,7,50,42,4,140,11,4,26,56,35,394,28,15,76,305,0,983,141,94,797,200,104,670,205,39,577,43,14,138,201,113,653,21,18,87,14,3,47,356,187,1308,2,6,15,427,113,1179,2260,817,7004,81,7,226,156,58,678,5,0,5,0,0,1,113,25,397,128,80,385,40,16,104,10,8,17
2020-07-30,3,3,25,491,162,1657,244,71,444,,,,648,131,1826,1974,809,6662,96,55,323,12,3,70,16,11,94,8,0,115,2088,741,8696,610,267,2018,,,,11,12,68,79,34,233,43,25,201,251,110,757,275,51,419,83,36,219,150,162,353,431,170,602,36,26,144,150,65,624,7,4,12,115,51,300,64,31,197,231,81,645,,,,347,110,858,18,23,74,348,196,892,21,2,46,80,5,224,9,1,23,59,42,372,29,17,83,312,115,1015,143,106,763,310,83,1047,199,45,603,41,9,136,202,91,625,29,16,138,15,6,45,336,178,1310,3,4,12,402,134,1152,3042,767,9189,73,18,225,164,46,717,5,0,5,0,1,2,108,29,400,132,60,381,43,7,105,10,5,19
2020-07-31,2,3,22,490,104,1619,250,61,445,,,,618,139,1782,1941,846,6618,101,57,335,10,15,73,20,21,105,11,3,112,2048,780,8424,606,254,1982,,,,12,13,75,83,35,249,46,18,199,271,105,776,307,68,486,88,30,223,131,143,364,433,181,591,33,23,145,152,70,625,7,5,12,112,951,307,68,26,218,237,89,608,,,,349,115,855,16,13,75,343,152,895,22,6,68,30,1,93,10,5,24,59,55,450,22,16,79,312,71,999,146,86,779,324,69,1033,210,53,580,40,8,135,205,106,644,30,17,110,17,7,61,333,170,1245,6,6,22,412,144,1149,3089,756,9036,73,25,224,151,53,704,6,0,7,1,1,2,106,30,391,127,81,362,43,20,112,12,9,23
2020-08-01,3,5,27,499,123,1826,255,52,688,,,,603,126,1991,1893,727,6665,91,41,388,9,11,74,18,17,107,10,2,146,2011,725,8913,611,252,2088,,,,14,11,67,83,35,236,42,13,227,266,105,830,300,51,546,77,38,349,134,156,524,428,159,609,32,24,448,143,118,648,6,4,71,101,952,305,66,16,201,243,71,757,,,,352,102,864,17,18,69,354,162,912,19,2,66,28,0,90,13,5,67,60,41,611,27,17,114,316,76,1045,134,88,784,331,73,1181,194,50,612,41,20,139,206,98,983,40,9,227,13,5,53,337,184,1606,6,3,49,384,114,1410,2974,751,8722,78,24,247,158,49,939,6,0,7,1,1,2,108,29,410,127,73,381,51,8,342,14,14,23
2020-08-02,8,1,24,481,90,1811,257,60,691,,,,569,125,1963,1639,701,6705,86,44,372,9,12,77,18,12,110,11,0,138,1964,604,8904,616,226,2079,,,,17,11,75,79,31,247,42,21,216,263,93,851,295,64,546,68,23,337,139,134,537,447,163,607,30,24,451,151,50,625,7,5,74,100,45,301,62,8,212,246,72,765,,,,363,101,866,15,18,71,347,69,905,16,3,59,29,2,98,13,1,67,62,36,614,24,16,114,306,83,1074,136,85,743,324,59,1134,195,46,562,34,16,133,203,91,979,35,3,227,12,3,60,329,184,1527,6,6,54,391,125,1427,3011,647,8888,77,6,250,148,49,959,6,0,7,1,1,2,111,21,408,136,68,377,53,7,343,14,14,21
2020-08-03,4,4,25,510,92,1587,257,61,460,,,,559,99,1618,1882,732,6465,90,48,301,10,7,61,14,5,107,12,1,46,1955,591,8498,637,188,2033,,,,20,8,85,76,32,248,42,14,189,264,89,833,321,68,460,77,34,217,135,135,342,439,130,594,27,19,147,152,54,591,6,5,12,107,27,314,79,28,279,255,73,640,,,,386,83,839,16,15,84,355,125,869,19,4,54,32,0,107,13,1,25,65,27,418,13,12,55,311,104,1144,138,104,779,333,68,1012,202,47,500,35,11,138,215,103,682,29,9,165,12,6,60,328,187,1277,6,1,44,410,116,1106,3012,603,8788,75,16,199,154,39,701,6,0,7,0,1,1,108,29,429,129,243,395,45,15,115,8,7,19
2020-08-04,9,6,28,490,114,1559,253,70,469,,,,561,121,1572,1764,721,6264,88,44,302,10,48,60,19,18,105,13,1,50,1977,699,8327,611,212,2036,,,,16,7,103,85,45,250,50,27,176,257,109,835,319,71,468,69,27,203,131,242,336,438,184,572,31,26,158,153,59,597,4,4,12,127,36,412,92,25,296,244,45,592,,,,397,112,877,17,16,80,367,153,902,22,5,63,35,1,106,13,2,23,54,8,486,23,13,79,293,68,1027,144,89,776,319,81,1060,206,55,604,34,13,138,207,125,691,40,8,164,14,6,79,326,208,1246,8,6,50,418,153,1130,2923,677,8566,72,19,197,144,54,682,6,0,7,0,1,2,114,29,421,120,68,364,54,16,121,8,9,20
2020-08-05,4,6,31,514,89,1585,263,62,449,,,,541,125,1546,1795,734,6219,86,55,293,10,20,69,21,24,108,11,2,51,1925,665,8054,576,226,1974,,,,15,17,108,74,33,241,48,22,183,234,107,813,306,67,468,66,30,204,140,169,388,441,149,556,34,25,173,163,72,596,4,3,9,135,35,443,93,20,289,241,59,620,,,,414,111,898,11,13,49,359,152,871,22,5,69,33,0,99,13,3,22,64,8,463,27,15,78,297,74,984,148,88,805,322,73,1028,206,57,584,36,14,136,220,84,715,62,23,277,10,6,81,326,114,1301,8,7,47,427,151,1160,2838,686,8328,76,33,206,140,59,660,4,0,5,0,0,0,100,30,389,121,96,353,50,17,130,8,8,18
2020-08-06,4,2,29,507,122,1617,280,67,444,,,,521,112,1489,1777,727,6114,86,38,291,13,12,66,16,17,98,12,1,45,1879,673,7865,593,199,1972,,,,22,21,121,73,32,230,47,21,184,232,104,813,310,67,464,69,28,198,140,207,384,425,167,548,29,23,172,158,61,586,5,4,10,143,39,457,93,30,291,242,58,602,,,,416,137,872,14,15,54,360,139,858,24,3,62,32,0,103,13,3,25,50,10,442,41,15,92,278,68,932,150,100,795,331,63,1007,198,36,562,39,5,130,226,114,723,52,21,243,10,7,79,321,101,1246,8,8,45,428,139,1119,2748,737,8139,77,37,217,138,71,659,4,1,5,0,0,0,98,44,415,127,79,366,53,10,125,8,10,21
2020-08-07,6,5,28,497,133,1542,285,81,465,,,,495,96,1414,1771,710,5923,90,58,304,11,11,60,15,13,92,10,0,42,1822,671,7657,579,207,1920,,,,30,36,120,61,43,231,44,23,182,215,92,810,313,67,493,71,19,201,144,196,403,433,162,556,39,27,173,149,67,585,6,4,10,140,44,414,86,24,286,233,57,622,,,,418,117,883,16,17,74,366,151,872,23,6,59,36,13,120,11,1,24,42,7,381,45,20,115,259,76,882,140,90,767,313,62,981,198,71,583,56,13,130,212,104,692,49,13,222,9,5,82,325,120,1227,10,6,51,411,137,1113,2736,704,7955,76,22,208,151,72,697,4,0,4,0,0,0,90,19,380,129,110,403,50,15,126,9,9,23
2020-08-08,5,5,28,472,101,1487,267,99,450,,,,491,119,1345,1720,725,5767,90,56,291,11,12,58,22,17,92,10,2,40,1778,597,7410,555,196,1882,,,,27,13,111,67,57,222,37,17,188,235,89,787,317,69,507,68,27,195,153,130,403,444,158,518,38,25,168,149,51,558,4,3,11,133,43,407,85,12,294,228,67,597,,,,417,130,868,18,20,68,349,149,870,26,12,65,36,8,121,12,2,23,32,7,399,48,20,119,264,72,918,119,81,738,331,59,958,202,63,482,57,18,128,191,110,663,48,14,238,8,11,84,333,101,1175,11,16,60,399,126,1108,2606,636,7508,33,10,98,158,66,676,4,0,6,0,0,0,86,27,334,130,67,409,58,17,129,9,13,25
2020-08-09,5,1,23,476,75,1464,269,58,458,,,,476,92,1332,1617,641,5764,82,61,289,12,11,58,21,12,90,10,1,39,1765,537,7336,550,160,1821,,,,31,17,126,57,38,216,37,13,184,246,91,804,323,52,501,67,18,183,159,168,439,435,153,517,34,15,159,120,55,548,4,4,14,132,49,410,90,10,299,242,60,617,,,,410,107,868,18,20,70,348,125,904,26,9,73,41,11,126,10,0,20,38,8,431,44,17,119,255,44,884,113,69,710,338,67,965,166,62,420,54,15,125,197,84,679,46,41,232,8,16,94,327,87,1165,11,15,63,391,107,1099,2558,606,7389,75,19,207,157,36,665,4,0,8,0,0,0,91,25,369,126,78,406,51,11,128,10,10,22
2020-08-10,5,2,29,497,79,1553,274,58,455,,,,470,77,1230,1644,621,5810,80,33,280,13,11,71,20,14,217,10,2,41,1704,549,7228,536,174,1860,,,,28,17,150,72,43,246,36,8,186,252,91,845,338,55,524,70,27,188,151,218,473,426,153,560,33,14,159,121,50,543,2,0,12,124,48,437,86,32,306,241,49,626,,,,408,83,875,22,15,73,350,68,811,27,7,74,37,16,165,10,2,19,45,9,320,45,9,115,239,55,877,121,79,740,319,71,981,225,78,548,32,17,137,203,84,689,57,28,237,9,4,87,330,93,1187,13,14,67,403,136,1131,2528,534,7458,78,9,206,141,49,650,4,0,6,1,2,2,99,26,374,130,93,440,50,9,133,7,7,21
2020-08-11,5,4,28,462,103,1523,283,81,467,,,,459,114,1177,1674,717,5583,74,36,272,15,10,59,22,13,100,11,5,45,1709,597,7165,575,216,2122,,,,31,16,139,74,64,249,39,23,187,249,98,847,330,58,532,73,23,189,143,269,463,412,156,517,36,25,167,114,63,512,3,1,14,149,80,480,92,29,295,224,98,632,,,,408,112,887,21,15,67,326,136,796,28,7,75,34,18,164,8,2,18,49,8,325,39,13,112,248,68,874,132,105,739,312,73,1002,160,66,459,28,14,143,198,81,729,47,28,283,10,7,93,313,94,1181,14,12,70,389,109,1117,2511,566,7221,74,38,211,160,60,696,4,0,6,1,1,2,110,39,374,124,90,413,56,10,140,7,7,19
2020-08-12,7,5,35,476,124,1387,287,51,455,,,,435,101,1115,1619,633,5441,76,49,275,11,9,64,23,18,100,7,2,43,1676,573,6944,580,237,1886,,,,36,35,151,85,46,254,38,24,181,239,84,828,318,71,521,67,28,176,140,239,453,431,144,1076,37,17,159,112,59,504,4,1,13,152,67,468,92,24,266,230,55,610,,,,419,103,869,22,19,62,317,86,796,27,4,79,39,7,165,6,3,17,43,0,300,43,17,98,237,62,850,136,83,710,300,91,999,197,75,564,30,16,150,196,73,718,54,22,284,9,3,84,288,107,1141,16,11,61,370,125,1096,2477,593,7246,71,17,202,159,71,675,3,0,7,1,1,2,98,24,352,123,63,428,50,14,134,7,6,15
2020-08-13,4,2,30,461,119,1382,321,68,448,,,,418,112,1083,1529,564,5681,69,33,262,12,13,57,21,24,98,10,6,45,1661,563,6731,570,286,1843,,,,32,25,155,73,41,254,34,20,162,240,91,808,324,70,526,82,29,189,147,299,457,415,138,1180,37,19,162,118,52,479,3,2,13,152,51,461,87,42,263,233,96,630,,,,415,116,850,20,17,59,312,91,815,27,7,76,32,9,143,6,3,14,47,24,304,38,9,88,229,69,813,140,91,712,310,72,970,198,84,556,31,12,147,180,59,685,53,22,264,8,6,82,287,101,1113,13,18,67,366,136,1095,2364,546,6725,63,19,185,149,110,680,3,0,6,1,1,2,108,24,375,117,73,403,57,11,140,6,5,14
2020-08-14,6,5,33,449,108,1355,323,98,445,,,,394,114,1033,1639,645,5295,70,38,264,10,5,48,26,15,94,9,5,35,1602,607,6418,552,298,1788,,,,32,13,154,81,37,257,39,20,167,244,124,821,319,75,525,74,32,192,131,262,434,404,139,1167,37,23,155,103,60,453,3,1,10,140,61,447,85,36,249,231,69,640,,,,401,179,872,22,21,68,323,68,793,28,3,71,33,12,146,6,3,13,52,28,293,37,11,93,234,67,833,122,91,687,299,124,927,201,61,474,34,8,141,174,64,660,53,22,251,9,10,85,270,115,1077,13,14,69,348,161,1094,2331,587,6661,63,16,184,159,66,670,3,0,6,8,2,3,101,39,379,123,84,406,59,7,137,6,8,15
2020-08-15,6,4,34,451,99,1286,318,51,433,,,,401,159,976,1624,635,5182,71,31,260,10,7,49,28,11,98,11,9,36,1564,589,6200,542,325,1707,,,,27,20,145,79,50,265,39,18,166,235,121,787,182,97,537,73,38,190,142,184,421,398,130,1136,39,27,154,117,66,464,3,2,8,145,68,436,91,46,242,231,94,629,,,,396,124,843,21,17,66,316,65,792,23,4,60,30,13,147,6,1,11,44,27,268,38,15,79,235,57,763,123,87,675,304,106,908,178,72,425,34,14,145,174,52,642,50,25,241,11,10,88,257,91,1006,12,14,67,340,127,1031,2297,612,6447,63,23,178,168,94,651,3,1,8,7,1,3,105,44,386,129,70,408,57,12,135,8,7,18
2020-08-16,6,1,29,444,98,1318,312,63,451,,,,397,99,986,1435,512,5157,73,33,260,9,5,48,29,10,98,8,5,35,1523,460,6104,540,318,1727,,,,24,14,137,84,36,278,38,14,165,236,111,796,181,172,543,74,36,187,141,157,415,388,107,1129,36,16,156,112,51,455,3,2,12,145,70,438,88,39,249,237,93,645,,,,388,117,842,21,20,70,311,83,828,21,4,51,40,11,160,6,4,13,46,27,336,43,7,89,229,58,759,126,74,782,312,88,908,184,54,430,38,23,144,178,43,596,48,22,253,11,4,82,252,92,969,11,10,65,351,102,1023,2270,499,6389,62,8,143,176,80,677,2,2,8,8,2,4,106,39,388,122,70,397,55,9,139,8,3,16
2020-08-17,8,10,39,445,88,1318,335,72,450,,,,381,77,920,1536,529,5321,76,20,162,11,12,48,28,7,94,9,7,37,1454,489,6047,544,880,1795,,,,30,29,179,88,35,282,43,27,177,238,100,818,174,66,543,74,40,203,147,135,437,405,143,1167,37,22,156,109,58,479,4,2,15,143,59,465,84,36,259,237,57,665,,,,387,83,842,13,15,71,313,80,909,24,3,54,40,11,157,6,28,12,47,26,283,40,10,85,234,60,776,120,67,782,299,93,933,209,80,524,33,17,111,183,64,622,45,16,241,8,4,79,270,76,972,15,18,72,347,98,1045,2213,491,6397,62,15,137,171,54,664,3,1,8,7,1,3,65,28,207,120,65,408,55,9,137,7,5,15
2020-08-18,6,5,42,451,120,1303,335,63,440,,,,382,112,926,1559,538,5314,77,20,153,12,15,50,32,15,101,7,3,38,1442,532,5980,539,322,1840,,,,27,23,188,94,45,299,51,25,181,242,122,855,176,73,536,74,33,208,168,379,468,402,141,1165,34,20,148,97,70,488,4,2,12,140,65,463,84,33,280,254,79,690,,,,358,109,797,19,18,71,303,126,929,24,2,63,38,9,158,5,30,12,44,31,286,37,62,84,235,55,731,121,103,699,305,99,954,240,86,564,25,13,116,197,57,595,50,31,301,8,6,82,276,106,1003,18,14,67,346,136,1088,2166,524,6205,59,16,134,176,63,694,3,12,21,5,1,2,75,25,255,129,91,435,53,10,142,8,5,15
2020-08-19,5,3,39,423,108,1237,301,83,455,,,,305,86,886,1519,467,5284,78,26,151,14,10,49,23,11,98,10,10,46,1418,532,5777,524,300,1803,,,,27,24,182,201,44,301,52,19,181,248,123,849,169,68,520,68,25,215,166,122,462,389,114,1160,33,16,156,105,63,476,2,1,17,141,60,462,83,29,281,248,105,706,,,,297,82,771,17,20,67,289,117,913,20,8,65,41,7,161,7,29,12,34,21,247,38,4,83,240,69,753,120,81,676,286,89,907,236,93,561,27,13,107,193,62,589,51,23,277,9,10,83,256,97,968,9,14,60,353,119,1075,2024,609,5844,59,21,143,171,55,685,3,0,19,5,1,2,72,23,249,124,67,421,59,28,149,7,7,18
2020-08-20,9,3,37,410,100,1206,301,71,475,,,,300,117,912,1459,508,5130,72,27,159,15,14,56,30,17,97,10,5,48,1354,484,5596,546,271,1782,,,,30,28,198,84,55,292,50,29,181,248,111,818,165,65,505,73,26,198,177,288,445,362,110,1085,36,13,132,101,57,450,3,2,9,143,44,454,77,28,272,247,103,701,,,,255,95,751,18,17,65,295,109,951,20,9,67,37,10,145,5,32,15,32,23,258,35,11,74,240,62,734,113,92,619,278,101,898,235,102,561,26,13,105,175,65,619,50,21,260,9,3,78,251,100,936,21,10,61,344,146,1050,2009,569,5770,58,14,131,166,56,662,3,0,14,5,0,2,90,26,252,126,75,407,60,15,158,7,8,19
2020-08-21,8,4,35,424,118,1205,313,67,482,,,,281,110,907,1543,468,4860,85,30,273,16,13,65,30,17,105,10,4,44,1303,506,5397,553,245,1707,,,,24,46,195,80,34,268,45,17,169,235,112,803,165,72,511,70,30,194,172,144,450,342,105,1038,31,14,124,99,48,439,2,2,9,148,66,438,81,36,292,246,111,693,,,,248,77,743,18,16,64,307,120,952,19,6,64,34,16,138,4,29,14,33,25,247,35,12,71,242,64,745,123,76,602,274,106,872,220,98,543,24,28,101,168,74,604,55,23,276,9,8,83,233,79,890,21,22,66,335,121,1006,1745,471,4897,56,21,138,168,74,670,3,2,8,4,0,1,86,21,241,122,68,396,57,11,150,5,7,20
2020-08-22,8,5,32,367,119,1111,308,63,460,,,,270,104,834,1453,495,4733,73,23,255,12,13,53,32,14,107,11,14,50,1237,506,5039,525,231,1653,,,,35,50,202,87,55,259,49,18,157,239,113,807,168,70,485,64,32,191,162,110,426,310,110,955,33,13,114,100,54,419,2,2,7,143,54,415,81,37,309,233,116,688,,,,248,79,699,18,14,63,296,119,903,18,6,65,32,12,138,4,29,11,40,32,211,29,15,60,239,65,726,110,469,581,265,84,809,218,108,519,27,30,94,168,90,599,51,20,261,9,5,85,235,93,893,20,13,63,335,98,961,1911,463,5457,58,9,152,171,79,629,3,0,9,7,2,2,86,18,243,128,69,372,52,12,152,5,5,15
2020-08-23,9,7,34,397,98,1134,300,45,446,,,,260,84,836,1430,482,4647,77,26,259,12,8,56,28,4,107,11,4,44,1273,409,5033,535,212,1684,,,,36,51,213,88,60,274,46,13,154,241,90,806,167,41,483,72,35,192,160,113,440,304,70,937,34,12,109,102,49,407,3,2,8,147,51,441,81,32,312,233,80,687,,,,237,76,703,18,14,63,301,117,935,17,5,61,37,9,152,3,30,11,37,21,200,28,89,65,221,55,724,111,89,598,255,89,792,219,80,518,30,22,86,179,86,602,55,9,245,11,7,80,235,85,878,20,11,63,331,88,948,1840,450,5233,56,7,150,167,40,639,3,1,9,4,2,1,84,12,228,122,79,374,53,11,153,8,8,19
2020-08-24,10,3,34,397,123,1182,305,46,435,,,,257,86,802,1419,445,4652,76,27,162,12,7,59,30,10,108,11,7,44,1232,423,5117,525,207,1685,,,,46,44,246,82,43,294,53,12,153,262,102,826,170,84,527,79,36,199,164,151,449,300,93,935,38,16,126,104,50,392,4,3,9,154,42,470,86,30,329,233,90,689,,,,224,82,701,19,17,70,282,85,909,18,8,66,39,12,150,3,28,9,36,35,96,26,85,64,215,50,736,123,74,613,270,87,824,211,85,512,31,22,82,188,85,620,57,22,231,12,5,84,247,83,895,21,17,66,339,96,974,1805,383,5153,49,17,136,176,57,653,4,1,10,4,1,1,80,13,228,126,59,391,52,9,151,10,8,20
2020-08-25,8,3,31,385,121,1159,300,59,416,,,,253,83,754,1359,455,4638,66,20,154,14,9,59,30,13,102,15,10,57,1227,471,5006,509,223,1613,,,,48,76,265,104,49,313,54,13,156,277,126,881,187,92,548,83,44,198,157,287,433,293,126,919,40,21,122,107,53,407,4,2,10,164,65,476,88,34,322,253,117,725,,,,218,94,678,22,26,80,290,111,927,19,3,76,40,17,164,3,93,8,37,34,96,25,11,64,195,47,687,129,96,633,247,97,795,201,75,515,41,13,109,198,82,601,59,20,231,12,5,87,242,89,851,19,21,71,323,114,949,1768,469,5025,42,15,132,183,75,672,4,3,10,7,1,1,89,28,321,127,80,400,48,20,153,10,4,16
2020-08-26,11,5,33,385,136,1112,254,56,416,,,,236,83,702,1362,498,4486,72,17,169,13,12,60,29,9,104,16,10,65,1176,467,4854,493,231,1530,,,,48,58,268,95,41,304,52,22,155,268,137,887,196,76,535,89,35,207,165,381,427,286,135,897,38,22,133,101,64,410,4,0,9,156,64,468,91,36,321,257,102,739,,,,222,93,657,21,20,81,296,127,916,18,2,77,35,11,157,3,30,9,40,37,101,25,20,68,187,44,686,123,97,622,253,94,792,210,91,521,37,9,103,185,83,572,57,28,233,11,3,83,244,92,846,19,18,76,309,127,959,1663,462,4652,44,29,137,181,52,660,4,3,10,6,1,1,92,20,324,121,69,360,53,14,157,7,2,14
2020-08-27,8,5,30,389,133,1080,243,59,396,,,,225,88,671,1120,408,4860,64,27,163,14,6,61,28,14,103,14,6,68,1116,428,4672,458,277,1420,,,,43,55,247,90,42,304,51,15,148,259,127,885,197,79,556,92,30,216,168,302,418,290,80,880,40,17,129,101,43,391,5,2,10,149,59,465,81,46,316,249,97,739,,,,197,78,629,21,18,80,285,120,880,18,12,87,40,15,168,2,28,9,47,33,96,27,13,65,181,45,656,115,112,621,243,99,807,210,99,541,39,12,112,192,78,572,57,27,235,10,1,82,231,89,799,22,22,83,302,113,924,1679,477,4594,46,25,133,175,69,634,4,0,9,6,2,2,93,25,337,113,52,332,56,20,144,9,6,15
2020-08-28,8,7,37,391,115,1036,233,63,395,,,,230,99,655,1288,424,4300,64,16,155,12,11,52,24,16,100,14,11,73,1065,391,4420,450,241,1395,,,,43,41,250,91,49,346,46,15,146,256,129,888,190,73,524,86,27,208,159,325,432,277,86,880,38,17,126,102,55,375,5,2,11,137,50,430,90,49,329,244,85,732,,,,195,85,626,22,21,85,274,653,606,19,4,85,45,12,179,2,28,8,47,33,96,24,11,58,179,52,637,107,109,616,263,110,816,208,86,538,35,10,117,189,74,560,50,21,236,7,0,71,229,96,802,26,25,85,323,117,899,1598,477,4446,49,22,122,166,66,620,4,0,10,5,1,1,92,26,327,112,73,345,54,22,158,6,6,15
2020-08-29,9,1,33,372,113,1029,227,55,373,,,,204,68,615,1271,436,4112,53,19,157,11,9,52,22,7,88,15,10,63,1053,436,4259,454,232,1353,,,,39,86,220,92,55,308,47,17,146,250,118,877,163,112,501,78,51,214,163,269,418,278,112,878,37,23,126,108,46,351,4,2,10,134,60,434,88,45,330,253,118,731,,,,193,115,602,20,17,88,272,464,654,21,2,76,40,10,176,2,29,6,49,41,302,33,13,64,184,69,656,100,86,535,246,89,812,213,162,525,32,7,111,186,71,554,63,30,246,9,5,73,224,93,788,21,17,76,320,104,889,1567,467,4337,45,26,127,164,61,621,4,0,11,4,1,1,90,25,312,110,59,329,50,18,148,5,6,14
2020-08-30,7,4,33,380,111,1013,232,38,398,,,,198,76,642,1202,412,4131,57,21,159,14,14,56,24,11,86,16,13,64,1040,342,4225,445,232,1315,,,,33,60,224,87,35,299,42,10,148,252,121,869,164,102,522,79,29,212,146,110,399,280,81,857,35,12,124,103,40,369,4,2,10,136,56,439,79,29,311,253,85,736,,,,184,79,578,22,20,90,267,489,683,24,5,73,40,17,171,3,28,7,53,40,312,30,12,62,192,63,638,102,73,526,239,73,778,212,76,529,33,3,102,193,68,547,51,22,253,10,4,78,226,74,766,26,22,84,341,127,947,1552,387,4360,44,18,127,165,35,604,3,0,11,0,2,2,95,16,313,109,56,337,54,13,145,5,5,14
2020-08-31,7,6,36,387,110,1036,244,52,401,,,,195,69,582,1196,370,4121,61,12,162,14,13,57,26,11,91,10,6,75,1027,342,4152,440,212,1305,,,,38,34,253,85,52,311,49,16,160,247,115,887,167,61,539,78,43,223,149,130,404,287,71,896,32,16,132,108,40,379,4,0,8,142,59,462,89,27,321,238,77,741,,,,180,81,593,27,25,106,283,638,707,24,5,77,42,16,156,3,29,8,51,36,316,33,10,55,192,39,621,98,80,528,236,84,796,209,72,552,34,11,90,193,56,629,50,13,253,9,2,82,211,66,781,22,15,83,336,86,959,1491,396,4309,41,21,133,166,45,639,3,1,9,0,1,1,96,18,305,111,60,332,56,11,149,5,6,9
2020-09-01,8,7,40,363,146,1023,252,53,411,,,,193,73,587,1202,465,4029,64,27,165,13,11,66,25,19,95,9,8,77,963,406,4017,444,247,1371,,,,35,51,252,87,64,309,45,12,135,261,130,927,175,53,529,77,39,220,145,343,416,288,82,856,32,20,224,115,41,387,4,3,13,138,59,456,84,38,310,236,91,735,,,,195,101,635,20,29,111,307,72,510,26,5,82,41,12,163,3,31,10,47,37,320,32,4,63,183,58,603,129,123,576,233,113,818,206,76,535,38,13,94,188,72,650,51,20,259,8,5,73,212,80,744,24,18,83,320,119,954,1504,414,4307,44,24,133,176,81,662,3,2,11,0,1,1,91,18,294,116,59,343,51,9,150,3,5,8
2020-09-02,7,2,35,364,147,993,240,61,416,,,,195,73,521,1137,437,3771,65,21,156,15,12,66,30,11,93,9,10,70,957,397,3891,499,254,1572,,,,40,32,256,91,52,323,50,19,137,255,112,959,181,54,511,84,43,224,138,350,421,300,113,838,32,28,219,109,56,364,6,1,11,132,49,418,91,47,313,244,84,735,,,,181,90,626,23,20,98,312,129,811,24,8,80,48,21,176,3,30,12,49,27,310,32,8,62,174,45,591,128,82,553,238,104,787,206,88,510,29,8,82,169,56,622,46,25,266,7,2,71,212,70,740,25,20,87,312,114,937,1464,462,4232,45,18,122,176,74,675,3,1,10,0,0,1,88,45,292,106,60,323,46,16,148,5,9,11
2020-09-03,9,9,36,343,125,908,247,48,467,,,,178,81,474,1119,406,3685,63,18,150,13,7,58,31,11,97,12,10,74,912,377,3797,563,262,1712,,,,39,30,242,88,46,318,49,13,136,258,133,943,179,51,489,81,34,216,143,170,433,283,104,816,34,16,220,106,51,373,5,1,10,130,38,401,88,45,300,250,116,736,,,,182,77,588,24,16,112,303,124,733,26,10,82,45,8,160,3,30,11,49,15,312,31,9,60,168,44,592,131,96,540,244,106,757,203,91,497,30,4,83,155,72,618,54,21,264,9,6,73,208,89,735,21,23,95,283,129,908,1429,403,4104,50,24,128,160,85,658,2,0,8,0,1,1,88,52,275,115,73,332,47,18,155,5,7,15
2020-09-04,10,0,27,351,120,912,237,47,453,,,,157,69,453,1135,405,3580,63,39,153,12,10,53,26,12,98,12,10,72,893,385,3682,553,241,1650,,,,37,29,237,94,41,315,48,17,136,261,120,932,182,65,487,80,51,211,137,394,409,284,100,770,32,26,224,97,48,351,2,1,6,135,45,409,86,36,307,273,97,764,,,,181,78,578,13,17,81,291,132,775,23,8,72,62,13,171,4,4,9,49,31,312,31,12,60,169,51,531,132,119,560,253,93,737,211,89,503,29,7,87,151,77,615,60,30,269,9,3,74,196,53,693,21,17,86,283,134,908,1439,474,4182,44,21,116,158,80,640,2,0,8,0,0,1,89,37,298,124,65,341,47,14,151,5,8,20
2020-09-05,13,7,38,336,106,851,233,53,441,,,,158,55,415,1109,423,3520,64,16,150,13,11,64,28,7,91,13,9,65,889,350,3560,556,250,1584,,,,33,54,209,89,53,309,53,20,139,268,121,920,172,82,478,77,48,209,150,146,391,299,105,759,31,19,222,96,48,335,2,0,7,130,58,416,88,47,306,258,87,720,,,,182,79,564,17,13,65,301,133,749,21,6,71,79,16,185,3,3,10,48,29,248,27,3,55,163,59,515,147,108,555,242,110,717,211,87,477,28,9,92,140,58,532,61,20,266,7,2,72,186,70,661,20,12,90,282,133,888,1378,425,4009,45,27,120,155,85,616,2,0,7,0,0,1,77,32,272,112,62,329,52,15,151,4,8,18
2020-09-06,11,5,32,340,97,873,231,37,441,,,,159,62,413,1132,382,3338,70,27,157,12,7,53,25,8,92,14,6,62,864,282,3498,546,217,1584,,,,35,55,205,87,39,312,54,17,137,267,102,918,169,80,479,76,28,205,136,156,385,278,85,758,29,22,144,102,37,346,2,4,7,139,36,428,85,34,299,271,84,730,,,,178,67,521,20,14,76,294,100,793,23,8,80,65,9,185,0,1,8,47,38,246,27,4,59,165,40,506,139,91,546,235,82,695,201,65,470,30,3,94,135,75,525,65,8,266,7,2,74,185,52,629,21,14,89,280,77,879,1344,463,3862,39,16,125,154,61,614,2,0,6,0,0,1,83,34,281,106,66,336,56,9,151,4,8,18
2020-09-07,13,10,33,330,89,892,224,41,429,,,,152,66,408,1099,387,3346,65,13,153,13,5,54,23,12,96,13,7,62,857,276,3494,518,178,1548,,,,29,61,196,92,50,328,52,14,133,270,106,994,171,231,495,84,40,216,136,139,405,301,96,750,25,20,157,101,40,351,3,1,9,144,43,433,87,27,291,273,88,758,,,,192,72,538,17,20,84,298,109,777,21,7,102,79,9,179,1,1,8,44,25,243,26,10,60,162,32,494,139,108,581,230,80,691,195,65,447,31,5,92,139,58,539,65,9,255,5,0,72,189,85,664,25,10,80,284,101,902,1367,355,3864,37,17,119,161,61,622,2,0,6,0,0,1,75,30,262,105,64,336,56,19,153,4,8,20
2020-09-08,12,3,32,322,119,882,216,47,385,,,,154,80,429,1099,395,3409,60,14,158,15,8,58,23,16,107,15,6,63,811,299,3437,520,182,1554,,,,41,30,221,82,42,324,51,16,138,271,103,1018,169,161,489,78,30,221,162,399,429,281,103,776,29,22,156,104,44,368,6,0,7,158,46,450,89,26,289,288,67,771,,,,187,74,527,30,16,134,309,125,811,23,6,102,74,10,179,4,2,9,42,26,308,28,4,63,166,44,492,138,107,610,240,72,703,183,83,458,31,7,100,158,51,594,59,15,248,4,2,71,196,67,685,21,20,85,295,100,913,1291,367,3781,41,16,119,173,65,617,1,0,4,0,0,1,73,35,274,105,58,348,56,7,151,4,8,14
2020-09-09,11,4,33,322,127,884,180,56,397,,,,132,53,372,1066,405,3333,58,16,159,13,16,53,23,13,100,14,9,75,814,325,3392,539,734,1654,,,,41,24,210,85,50,304,48,8,137,265,108,1017,178,159,505,79,43,217,128,466,420,298,92,749,31,26,150,102,39,367,6,0,8,144,67,428,87,37,257,291,89,812,,,,166,74,520,26,23,117,310,102,828,23,8,101,74,30,181,3,2,8,37,28,308,33,11,65,169,38,465,132,132,629,239,85,732,186,92,484,31,13,104,149,53,569,57,14,252,5,4,77,192,73,671,22,19,84,283,108,911,1281,416,3746,41,17,119,170,69,620,1,0,4,2,1,1,80,31,268,103,73,345,52,11,147,3,5,14
2020-09-10,12,5,33,309,102,859,176,51,373,,,,131,119,365,1050,360,3200,56,22,159,15,11,52,24,21,106,18,8,79,791,354,3240,537,721,1623,,,,41,34,215,83,29,285,52,17,139,261,129,1004,168,142,484,79,32,215,129,439,426,259,90,725,35,20,145,92,46,366,6,1,10,136,64,417,91,39,275,290,93,768,,,,172,101,519,21,13,113,302,97,809,26,5,92,62,12,176,3,1,8,40,25,265,28,5,58,160,32,430,133,115,617,240,101,713,181,74,488,32,2,102,151,70,571,53,34,246,7,5,81,192,71,640,24,28,92,279,110,913,1220,383,3615,46,28,128,160,65,625,0,0,1,0,0,1,71,17,255,98,97,348,57,13,151,4,7,17
2020-09-11,12,0,27,311,125,845,181,59,382,,,,121,63,356,1007,409,3049,51,24,155,18,7,60,18,13,109,16,10,84,792,287,3110,551,741,1628,,,,26,77,154,90,53,289,54,17,132,274,111,984,170,129,480,83,51,208,154,468,404,271,77,691,36,20,141,96,54,380,6,1,11,141,53,405,83,38,264,277,117,777,,,,167,70,502,22,14,106,298,73,783,22,9,100,61,14,166,3,0,7,47,30,300,26,6,58,161,77,444,142,104,613,226,82,685,173,90,506,36,15,101,150,68,552,53,31,229,7,3,80,190,86,615,22,30,100,289,123,940,1200,353,3477,47,17,124,159,63,592,0,1,1,0,0,1,72,26,262,99,77,363,60,8,149,5,6,12
2020-09-12,12,4,28,315,118,827,184,56,385,,,,120,42,309,968,348,2934,52,17,158,21,8,64,21,9,100,16,5,81,772,325,2978,537,718,1575,,,,31,60,172,79,40,273,53,14,127,259,112,846,160,64,461,77,53,207,127,147,393,233,62,697,32,22,131,104,52,385,6,1,11,137,46,402,86,41,264,277,113,803,,,,166,64,492,19,14,101,290,81,743,18,10,90,61,18,176,3,1,7,47,33,294,27,6,50,147,47,382,131,112,601,218,91,661,184,105,486,32,9,93,148,63,569,53,30,243,7,10,80,184,66,590,21,27,97,277,122,887,1167,399,3418,47,26,129,155,66,565,0,0,2,0,1,1,65,23,235,101,95,365,59,23,150,6,8,14
2020-09-13,12,6,32,306,86,827,186,52,382,,,,115,49,321,948,330,2894,51,17,152,21,6,65,19,6,97,16,3,76,781,260,2909,503,743,1505,,,,32,59,167,75,37,269,51,14,129,254,95,842,162,65,473,72,41,183,121,164,396,255,64,670,32,15,132,106,47,389,5,1,12,138,38,415,93,29,263,287,102,799,,,,144,62,510,16,9,96,302,96,753,17,5,98,61,13,176,2,1,8,47,25,292,27,14,56,152,48,432,136,94,575,226,68,661,189,100,495,29,7,94,142,45,505,47,29,224,6,2,81,182,53,584,23,20,100,275,128,890,1189,387,3485,51,21,128,146,59,564,0,0,2,0,0,1,70,22,241,108,84,369,60,12,155,6,6,16
2020-09-14,12,6,37,290,106,823,171,41,376,,,,108,42,450,927,305,2936,54,20,156,20,12,71,21,7,101,18,5,75,778,225,2874,486,158,1456,,,,48,22,207,75,43,281,55,14,126,255,92,837,166,71,475,68,30,174,133,146,411,229,80,684,32,23,140,107,44,411,7,1,10,128,38,417,92,35,276,290,94,796,,,,153,59,486,21,19,101,312,86,783,16,14,108,64,16,174,1,0,8,56,24,311,26,6,54,147,38,441,146,112,662,235,89,698,202,76,513,32,10,102,144,53,583,42,26,228,7,2,80,189,55,627,25,29,120,272,103,875,1176,337,3402,47,17,126,140,62,551,0,0,1,0,0,1,74,30,252,114,91,378,61,14,162,4,5,12
2020-09-15,12,4,33,283,113,799,174,53,377,,,,104,61,453,892,321,2835,53,27,160,19,13,70,22,11,102,11,3,73,763,314,2825,488,194,1612,,,,42,33,192,80,47,288,53,5,122,254,95,858,170,78,476,75,43,208,130,446,405,252,79,686,37,36,149,101,47,567,6,2,12,124,70,390,96,36,286,300,126,851,,,,152,66,493,25,18,97,304,96,743,20,14,123,61,45,166,1,1,8,55,22,313,27,7,57,140,28,413,128,104,669,234,82,696,203,93,510,29,17,113,144,68,575,40,28,226,8,4,84,197,82,640,25,38,129,264,99,923,1157,484,3314,52,13,115,131,73,537,0,0,3,1,2,3,73,25,235,115,67,393,63,19,164,5,14,11
2020-09-16,13,3,30,272,111,796,184,64,379,,,,99,43,442,881,349,2756,53,18,161,23,15,75,22,11,112,13,8,76,717,305,2709,479,192,1511,,,,42,18,197,85,35,269,51,11,121,260,91,873,175,59,483,81,45,221,116,150,387,245,62,1069,36,31,157,100,51,384,6,1,12,115,50,372,89,42,267,301,116,833,,,,153,65,459,25,23,100,291,107,745,20,14,122,63,17,179,1,0,7,57,25,287,29,8,63,137,34,393,130,120,669,236,79,684,212,96,512,24,16,111,130,53,550,47,21,248,8,1,86,197,55,649,21,34,131,272,113,871,1151,468,3299,55,30,125,144,58,591,0,0,3,0,3,3,74,32,242,110,77,402,62,23,180,3,4,8
2020-09-17,12,2,25,266,92,778,189,56,369,,,,97,42,432,852,321,2705,50,20,152,24,15,77,24,7,105,14,3,73,694,320,2652,458,201,1500,,,,41,27,203,92,57,277,49,12,126,263,205,864,172,70,484,82,48,219,147,123,392,228,83,668,31,23,155,103,54,392,7,1,14,119,56,367,86,42,263,313,95,850,,,,163,72,474,19,14,97,287,90,741,22,8,118,63,16,185,1,1,6,51,24,235,29,11,64,129,40,393,136,129,683,221,93,668,204,109,502,22,13,113,131,56,516,48,25,257,7,4,84,188,64,642,24,34,129,291,119,851,1124,440,3232,52,34,142,147,60,620,0,0,3,0,0,2,80,29,250,116,67,380,65,20,186,3,5,15
2020-09-18,13,10,32,261,131,767,193,57,372,,,,95,46,426,858,354,2700,53,27,155,18,14,76,23,8,97,14,4,69,712,346,2662,458,201,1419,,,,28,59,144,91,47,280,47,17,126,273,132,876,180,66,488,81,48,222,118,118,386,233,75,623,36,25,156,91,37,348,6,1,21,111,41,340,85,34,269,314,108,843,,,,160,70,457,17,23,96,295,104,710,18,9,128,62,12,184,2,2,7,63,40,306,33,16,62,122,31,380,144,112,687,225,98,667,218,118,528,28,11,107,124,49,495,55,19,267,10,5,80,186,69,666,26,36,148,280,119,825,1098,359,3180,50,30,139,147,64,621,0,0,6,0,0,3,75,35,249,109,77,392,59,17,180,4,4,17
2020-09-19,14,7,34,271,104,787,191,60,381,,,,93,43,407,824,323,2661,55,20,153,20,17,76,24,12,98,14,7,74,693,303,2578,442,197,1407,,,,41,26,184,73,50,267,42,11,123,280,107,885,165,74,445,86,29,217,109,128,381,208,72,603,38,29,157,78,38,334,6,2,23,102,38,311,83,43,286,317,113,810,,,,163,82,466,17,23,95,300,95,710,19,3,121,64,15,186,2,2,8,63,22,288,37,13,60,125,44,370,145,138,660,209,89,633,213,124,515,31,10,100,125,52,421,51,25,264,10,3,76,193,67,667,25,37,156,272,97,877,1043,332,3076,58,36,151,152,67,613,0,0,4,0,1,2,68,32,249,112,142,410,55,16,178,4,5,15
2020-09-20,13,7,37,277,93,812,208,65,392,,,,87,56,441,828,305,2630,55,25,150,15,8,66,24,10,102,14,9,74,690,257,2573,422,169,1369,,,,40,44,158,74,38,271,43,14,127,264,81,862,184,96,471,81,27,214,110,106,368,217,58,595,47,29,151,86,41,345,5,2,25,98,34,328,97,38,297,318,94,803,,,,146,45,421,19,22,98,281,72,710,21,13,126,63,20,189,2,3,10,58,25,275,35,56,64,131,44,388,141,86,665,198,70,602,215,105,545,36,11,105,126,54,433,53,20,271,10,4,78,189,48,648,24,22,147,278,92,870,1059,343,3125,60,16,154,150,61,614,0,0,5,0,0,2,72,22,256,125,66,446,58,23,173,5,7,17
2020-09-21,13,2,35,286,107,831,212,70,415,,,,86,46,441,821,300,2682,52,28,161,16,7,71,20,11,110,14,7,79,682,249,2556,410,177,1392,,,,47,15,184,72,43,285,40,12,125,279,88,905,195,65,513,83,43,225,140,250,405,189,67,589,38,28,168,89,32,365,6,1,17,100,61,350,104,35,309,320,102,859,,,,151,50,463,19,27,107,279,83,718,21,12,133,59,26,184,2,2,12,56,92,281,34,10,69,133,38,389,144,105,652,196,77,624,213,109,570,32,13,115,127,58,508,51,40,289,11,5,81,176,59,658,28,35,161,275,97,933,1043,306,3158,57,18,159,145,39,603,0,0,4,0,0,2,79,29,284,137,76,483,60,17,175,6,7,21
2020-09-22,14,7,36,289,129,814,204,76,427,,,,79,60,409,814,325,2669,59,24,170,13,13,74,24,7,103,11,1,79,672,329,2591,425,174,1376,,,,46,16,174,76,61,300,39,19,106,261,123,889,197,61,518,89,40,240,131,137,406,208,78,583,42,20,160,89,51,369,5,0,15,111,43,361,107,64,340,316,107,868,,,,151,88,468,19,28,117,296,114,725,24,13,156,62,26,197,1,3,16,47,25,284,36,5,62,130,38,383,148,114,631,203,82,622,213,122,556,34,18,128,129,57,516,50,26,286,10,9,87,175,84,652,32,40,169,273,125,954,1051,485,3233,63,42,182,150,48,586,0,0,3,0,0,1,78,25,285,152,110,518,62,10,177,5,9,18
2020-09-23,14,4,36,272,109,786,195,67,428,,,,89,49,428,799,352,2629,60,36,170,15,12,70,28,16,109,10,12,77,659,260,2494,427,147,1371,,,,44,15,170,79,57,307,44,24,111,273,126,911,195,59,523,93,48,252,130,285,414,209,75,578,42,34,170,88,36,383,5,1,15,112,44,367,105,47,341,316,127,884,,,,151,63,465,21,28,119,284,111,772,21,10,132,67,26,220,4,4,16,46,34,290,35,10,64,133,48,393,158,130,633,203,82,625,207,116,558,35,12,129,135,62,525,56,31,280,8,6,88,168,78,641,26,35,168,273,112,953,1061,387,3243,72,39,198,156,61,599,1,0,4,0,1,2,73,28,271,170,106,569,59,21,186,3,7,19
2020-09-24,15,2,36,256,117,764,208,66,424,,,,88,67,421,778,313,2524,60,38,182,15,12,77,27,6,109,12,4,75,615,275,2409,430,165,1346,,,,43,16,165,88,74,331,43,30,104,259,108,916,196,74,531,106,37,260,138,133,424,204,76,582,50,28,171,93,50,367,1,0,15,114,49,366,115,67,378,326,136,904,,,,149,61,433,23,37,124,283,91,783,22,12,127,63,20,228,6,3,17,43,26,292,32,9,69,127,48,391,170,155,662,205,78,627,204,115,538,33,22,139,140,56,536,55,25,271,6,6,92,174,67,610,24,45,174,254,101,929,1037,407,3259,72,35,191,178,57,627,1,0,4,0,0,2,80,24,284,167,112,579,60,18,192,3,8,22
2020-09-25,12,8,36,268,102,744,204,65,441,,,,81,59,424,769,333,2455,62,30,191,14,9,77,22,10,108,8,9,73,621,279,2368,417,174,1322,,,,24,50,109,85,59,337,36,22,124,249,137,924,190,85,547,110,39,273,138,125,420,209,62,569,47,33,174,90,51,375,4,1,12,121,51,364,126,55,388,338,130,920,,,,156,68,446,29,45,146,274,118,791,24,13,141,62,15,221,5,4,16,59,29,256,30,8,69,124,36,365,184,154,690,193,103,640,217,131,557,30,17,134,142,59,540,52,18,242,5,5,93,165,62,580,31,46,192,271,121,927,1064,375,3264,72,31,195,167,43,634,1,0,4,0,0,1,74,27,273,164,115,605,58,16,188,5,9,25
2020-09-26,13,5,34,265,130,759,203,64,438,,,,79,49,262,746,332,2390,62,35,202,14,8,73,29,25,104,10,8,76,610,261,2295,417,149,1290,,,,36,16,140,91,59,345,38,21,119,250,144,918,193,82,555,101,59,284,122,116,398,207,69,568,46,37,186,97,58,352,3,0,9,113,44,353,133,52,400,348,127,907,,,,142,64,380,28,46,153,279,102,805,21,15,143,80,31,228,6,2,17,65,27,242,32,14,76,120,43,372,174,138,685,196,100,661,208,109,549,30,14,129,144,60,500,55,22,235,5,5,97,154,74,564,34,47,190,262,115,923,1056,450,3244,77,24,194,166,54,610,1,0,5,1,0,0,68,22,249,173,138,630,55,11,182,8,13,26
2020-09-27,12,7,32,261,106,771,183,45,401,,,,89,47,270,719,289,2347,65,14,191,14,10,81,26,5,98,8,8,78,625,246,2328,401,135,1245,,,,25,69,121,97,51,359,44,22,131,277,101,916,206,132,581,97,46,291,381,106,412,203,54,583,54,40,192,89,49,344,4,1,11,113,42,367,134,61,429,365,120,935,,,,140,55,374,32,60,182,274,71,768,24,15,147,86,19,220,7,5,17,64,38,254,37,23,72,120,31,375,156,123,702,195,82,676,211,106,545,35,13,135,161,53,517,55,21,214,5,4,97,155,44,590,32,38,184,269,89,922,1043,361,3226,66,27,197,159,41,602,1,0,4,0,0,0,75,23,289,181,128,629,53,12,182,8,10,24
2020-09-28,11,4,36,255,89,797,193,56,442,,,,92,36,280,704,291,2429,67,28,190,16,14,94,22,6,101,10,13,76,602,234,2341,429,310,1389,,,,17,66,113,97,64,378,40,18,130,272,115,977,200,125,581,85,36,283,140,120,439,195,61,616,62,32,201,76,45,353,4,0,8,123,57,438,136,52,453,370,138,962,,,,151,62,431,36,34,190,294,86,805,23,13,161,73,22,210,6,3,15,73,30,269,37,11,76,126,30,380,189,264,728,204,98,705,223,117,595,32,14,129,176,61,571,54,21,223,8,3,98,154,53,563,30,32,192,266,148,950,1058,373,3298,72,37,211,162,42,598,1,0,3,0,0,0,81,20,288,192,137,697,58,14,190,6,10,21
2020-09-29,11,3,33,274,113,805,194,81,443,,,,92,50,289,711,362,2453,66,32,198,18,20,104,28,13,103,13,10,77,599,304,2386,438,362,1401,,,,35,10,158,100,63,389,52,26,144,271,109,968,197,98,600,92,44,286,135,167,447,202,57,590,60,36,217,88,52,367,7,1,10,134,83,499,124,56,450,384,158,1003,,,,141,59,422,38,45,194,300,112,811,29,21,166,79,30,221,6,2,16,78,28,284,33,19,84,119,31,379,162,143,765,185,105,709,234,137,613,38,14,119,172,86,643,51,23,226,9,3,99,152,51,547,35,60,195,271,124,943,1092,407,3387,72,29,212,160,63,569,1,0,3,1,0,1,70,19,258,196,131,701,59,20,187,7,11,29
2020-09-30,11,5,28,288,101,794,193,73,450,,,,89,52,444,698,365,2438,81,25,204,19,19,108,28,10,104,17,12,87,598,256,2317,441,330,1412,,,,35,28,161,104,58,407,49,18,147,270,122,1062,190,75,604,98,55,292,138,152,443,193,62,551,58,32,211,88,57,364,7,3,13,138,72,495,120,67,442,368,136,980,,,,131,51,408,38,64,210,300,96,807,25,23,179,75,30,229,6,0,16,73,49,317,36,19,88,119,40,353,158,137,779,198,127,729,232,133,611,40,19,127,162,84,661,47,27,226,8,5,90,148,57,547,44,38,181,298,158,993,1089,360,3238,73,34,204,163,69,566,1,0,3,0,1,1,68,17,258,211,142,734,60,22,186,8,16,33
2020-10-01,11,4,29,275,121,792,204,75,462,,,,96,53,444,677,337,2370,78,44,209,15,19,113,25,16,112,16,10,97,594,266,2332,431,309,1363,,,,33,7,141,95,68,396,44,16,135,256,137,999,217,92,617,92,54,300,141,147,452,196,74,560,50,40,213,92,59,349,5,2,10,153,89,510,113,50,415,357,134,969,,,,131,57,392,39,34,207,287,100,785,28,19,176,84,21,243,9,4,20,65,40,308,42,23,92,123,38,361,159,185,839,200,113,713,226,130,597,40,19,131,166,77,680,46,24,223,9,6,98,144,60,532,46,40,183,280,148,981,1105,417,3272,73,29,203,164,67,567,1,0,3,0,0,0,46,25,228,226,142,726,58,10,177,9,15,35
2020-10-02,9,3,28,281,106,782,198,58,451,,,,101,51,454,681,316,2324,75,35,219,18,17,120,22,6,96,19,9,99,590,245,2291,412,277,1327,,,,31,17,146,100,59,404,38,22,146,279,131,1061,220,81,628,88,34,293,138,149,463,186,73,539,53,42,219,92,45,341,7,1,12,150,74,506,120,48,403,355,134,951,,,,131,64,392,39,45,204,283,129,813,29,16,173,85,24,259,7,0,18,64,40,308,45,10,99,120,36,356,137,120,769,193,101,692,228,136,607,40,10,128,160,60,673,45,28,237,6,11,93,139,55,519,49,49,191,287,133,990,1115,444,3243,64,35,181,159,69,598,1,0,3,0,0,0,58,24,255,207,196,743,59,19,184,9,5,37
2020-10-03,10,7,31,287,120,770,212,71,471,,,,107,63,469,676,328,2324,73,31,216,17,14,122,19,12,102,20,11,104,587,268,2232,404,244,1325,,,,21,49,104,104,66,394,41,30,160,280,145,1055,212,89,631,88,56,292,152,143,451,182,59,535,52,43,223,86,50,342,7,0,12,164,88,526,123,59,383,337,136,915,,,,131,67,376,38,40,198,272,102,788,23,17,172,91,30,261,9,7,24,70,45,307,52,15,96,114,40,378,152,142,761,212,128,742,232,143,612,47,8,204,154,74,688,42,23,221,7,3,89,132,62,472,45,43,198,283,135,980,1086,444,3240,67,31,184,173,70,582,1,0,3,0,0,0,50,21,209,207,200,743,65,21,183,9,13,37
2020-10-04,10,5,33,293,98,788,210,70,479,,,,110,61,497,696,294,2343,76,26,210,20,23,129,27,8,105,20,7,105,589,258,2252,407,214,1342,,,,26,24,109,99,57,388,44,20,152,284,133,1097,226,92,684,89,42,296,155,110,454,190,47,557,49,33,228,90,45,350,7,0,12,178,71,567,127,47,395,340,110,908,,,,130,72,400,39,44,209,277,103,831,31,10,169,87,27,260,10,3,22,76,41,321,59,30,94,114,25,359,163,110,782,216,126,731,239,136,632,39,14,211,154,72,643,36,41,220,8,3,90,143,60,516,49,42,217,285,102,996,1124,410,3369,60,27,170,167,53,572,1,0,3,0,0,0,51,18,257,212,164,793,62,13,175,10,17,45
2020-10-05,10,5,33,299,97,822,201,61,484,,,,108,66,515,699,315,2388,83,43,231,21,15,130,30,11,116,21,14,110,585,256,2316,406,222,1347,,,,23,18,116,103,60,413,43,15,159,284,119,1058,243,115,734,97,55,322,167,601,497,195,59,574,49,44,252,101,42,368,5,0,9,184,85,609,128,61,414,368,159,995,,,,135,72,426,43,47,223,288,115,857,41,17,174,89,38,277,8,0,21,83,55,353,46,14,106,113,38,386,180,151,885,232,164,780,244,151,660,32,15,131,164,74,665,42,42,221,9,5,90,152,66,543,57,38,161,290,139,1074,1097,442,3446,72,31,209,173,61,580,1,0,3,0,0,2,55,27,254,229,170,843,67,16,178,12,19,51
2020-10-06,6,1,33,290,126,781,208,94,513,,,,113,66,535,692,347,2384,85,56,260,23,20,140,24,17,117,19,14,119,583,313,2369,416,326,1359,,,,24,17,109,108,97,445,48,23,176,295,183,1083,258,127,754,100,81,323,177,621,502,189,115,549,55,40,259,107,67,411,5,0,7,202,103,654,145,80,442,390,147,1009,,,,137,108,456,46,51,211,300,137,892,43,23,182,100,32,283,11,2,26,89,60,389,51,14,124,117,52,385,192,170,905,236,159,833,257,170,693,35,15,137,179,95,720,47,17,240,13,13,98,162,74,549,57,65,241,304,145,1084,1066,475,3572,82,50,236,186,85,617,1,0,2,1,2,2,66,23,269,236,210,951,64,18,174,15,12,57
2020-10-07,8,3,32,282,134,802,212,87,532,,,,130,70,542,674,338,2382,92,47,267,23,17,129,20,9,119,22,18,129,604,307,2334,399,293,1333,,,,25,13,120,112,64,448,45,25,179,300,173,1112,264,121,759,104,83,350,189,191,575,189,77,582,60,40,264,108,67,424,7,1,9,194,84,652,150,82,483,402,167,1068,,,,141,103,462,52,56,221,298,147,900,47,26,202,104,22,299,9,2,15,91,59,423,55,26,111,110,45,382,192,150,921,238,171,874,247,178,706,39,20,139,173,89,733,48,55,250,13,5,123,162,79,571,59,53,264,303,174,1107,1113,517,3605,68,31,233,168,73,605,1,0,2,1,1,1,65,24,261,242,197,964,60,10,172,14,13,66
2020-10-08,8,8,35,282,121,817,224,105,558,,,,78,66,557,646,350,2353,87,32,265,21,21,136,24,15,117,24,13,128,586,328,2353,398,298,1349,,,,20,17,117,103,80,461,46,20,182,317,173,1179,278,127,803,111,71,373,186,171,567,184,142,583,62,40,259,107,66,423,6,1,7,192,96,673,141,63,491,395,176,1096,,,,128,83,461,54,42,234,303,160,922,46,14,188,103,36,309,8,2,16,99,64,447,58,25,121,109,38,389,182,161,894,227,132,876,253,173,719,39,17,141,189,100,757,49,62,246,12,4,109,167,99,578,65,42,190,297,153,1143,1149,516,3643,77,46,255,172,88,634,1,0,1,0,0,0,63,30,267,260,173,1001,62,15,173,13,12,70
2020-10-09,9,6,42,277,116,839,221,86,538,,,,144,66,545,623,335,2315,98,51,277,24,13,140,29,11,119,25,14,130,560,278,2362,393,272,1288,,,,21,17,103,100,64,439,49,21,183,321,178,1237,270,131,791,111,75,373,187,147,550,181,85,596,63,52,280,105,57,418,7,1,7,187,74,680,153,62,490,406,186,1110,,,,132,100,467,49,60,243,286,142,835,49,32,216,94,26,314,9,5,20,103,66,469,53,18,119,121,47,396,214,181,1041,236,166,883,264,180,730,40,29,156,195,101,796,50,20,218,12,13,117,157,70,570,66,51,245,322,121,1156,1149,560,3684,80,49,241,161,64,621,1,0,2,0,0,0,61,24,268,262,212,1014,65,21,189,13,13,69
2020-10-10,9,10,38,270,101,822,210,92,528,,,,142,81,572,617,336,2255,102,49,292,26,23,142,27,10,107,27,10,130,536,297,2336,396,292,1289,,,,23,14,112,100,65,431,50,30,180,316,168,1213,275,129,828,109,83,376,172,128,535,184,75,560,64,40,271,99,61,417,6,2,8,190,81,658,144,69,477,400,144,1086,,,,130,79,440,46,53,246,293,176,867,53,26,203,106,35,305,10,3,21,106,66,457,54,15,118,132,34,409,226,190,1040,234,199,912,275,167,713,45,20,159,209,109,794,47,17,214,13,6,113,150,59,540,63,56,249,329,136,1149,1155,549,3674,88,43,263,160,69,595,1,0,2,0,0,0,56,31,265,266,216,1002,61,16,189,15,17,71
2020-10-11,12,6,33,264,98,842,213,67,530,,,,134,64,563,605,321,2229,100,57,286,29,16,158,27,12,108,27,6,129,554,275,2262,396,273,1289,,,,21,25,92,109,59,444,49,23,178,308,157,1209,272,102,836,106,59,356,197,136,562,185,71,570,57,33,276,105,52,417,7,2,8,196,83,681,153,58,496,394,173,1121,,,,139,74,456,46,55,258,319,140,940,49,9,211,99,24,303,7,2,16,114,56,476,53,37,128,131,32,418,227,192,1071,227,160,914,280,176,721,39,14,162,202,82,808,41,27,201,14,10,120,153,67,548,60,47,258,323,136,1162,1207,621,3925,81,28,253,171,59,617,1,0,4,0,0,0,66,30,278,259,208,966,64,17,191,12,12,64
2020-10-12,12,4,40,273,107,879,220,96,563,,,,137,61,434,635,291,2256,97,71,290,32,24,174,24,9,107,19,9,129,559,272,2416,411,254,1326,,,,22,9,120,114,76,463,57,22,200,302,150,1264,289,124,910,115,89,370,183,150,585,187,127,594,57,36,275,112,42,441,7,1,9,198,76,713,142,63,511,411,183,1195,,,,142,73,490,56,57,279,316,142,983,46,11,184,101,37,306,7,2,16,121,55,491,57,29,136,129,29,427,226,179,1232,248,152,978,299,174,741,42,25,162,208,87,830,40,17,214,14,3,119,175,78,604,63,38,266,329,145,1183,1249,637,4114,87,34,273,166,62,638,1,0,4,0,0,0,70,36,295,263,195,1031,59,15,204,9,17,57
2020-10-13,15,13,40,286,127,858,225,112,580,,,,163,84,464,629,335,2289,101,61,296,38,22,192,23,9,111,20,19,132,560,319,2387,408,315,1412,,,,22,11,120,106,83,471,62,39,214,323,193,1353,313,145,951,114,68,380,197,163,592,186,141,606,60,42,291,128,57,445,6,1,7,213,127,751,143,83,519,413,193,1185,,,,144,86,498,62,80,288,303,191,1046,44,18,184,115,48,323,7,5,18,125,73,505,58,15,117,136,48,429,249,197,1260,282,202,1045,304,190,734,39,19,173,233,94,862,46,14,213,14,9,122,175,72,598,64,42,275,350,154,1228,1306,648,4195,94,57,297,184,70,624,1,0,4,0,0,0,69,34,291,255,276,1041,64,24,207,13,15,57
2020-10-14,15,8,50,275,138,864,217,101,583,,,,152,71,469,603,366,2270,95,71,323,38,29,194,22,11,113,28,14,135,545,295,2345,400,293,1420,,,,19,18,100,106,70,482,59,23,210,331,218,1368,293,121,974,108,78,366,207,153,601,180,135,580,59,47,283,116,61,440,5,2,8,223,101,808,133,80,504,416,200,1228,,,,138,77,492,59,71,290,308,147,1044,43,20,188,119,58,321,6,5,17,128,78,537,48,18,106,134,58,437,245,192,1221,273,224,1070,307,179,771,39,15,162,225,85,862,45,24,212,12,6,124,178,77,604,62,50,283,368,168,1283,1310,626,4329,93,58,291,179,69,644,1,0,4,0,0,0,66,28,288,267,267,1098,61,26,212,16,20,61
2020-10-15,15,11,51,294,126,873,213,105,585,,,,159,74,461,628,323,2291,105,72,330,40,16,190,20,10,111,25,11,133,533,287,2311,394,284,1414,,,,19,11,119,105,68,471,58,22,201,367,216,1507,303,148,994,113,94,370,212,202,633,165,75,573,53,39,274,115,47,436,5,2,11,220,119,847,127,63,510,437,187,1232,,,,130,83,477,63,59,317,310,152,1048,43,21,201,111,47,326,5,3,16,122,71,546,51,27,148,140,68,434,245,178,1219,276,205,1074,302,175,790,43,19,143,236,119,895,50,17,230,14,9,131,183,84,624,58,43,285,364,169,1234,1376,624,4342,84,36,294,186,81,761,1,0,4,0,0,0,62,25,271,285,294,1138,71,24,217,15,16,59
2020-10-16,13,12,50,299,140,892,212,101,580,,,,161,95,625,650,337,2280,114,77,360,38,30,190,21,8,110,24,16,129,529,318,2275,391,267,1392,,,,18,12,93,102,56,458,61,26,199,364,428,1516,300,156,999,119,66,377,207,154,623,160,78,572,61,36,257,108,56,419,5,1,10,231,130,876,151,70,529,409,191,1216,,,,141,108,479,70,65,321,324,147,1042,40,15,194,109,35,323,5,5,17,119,87,564,62,23,162,135,51,436,242,179,1231,284,200,1098,315,178,800,42,21,148,252,107,933,42,20,200,12,4,126,176,81,604,63,51,292,362,161,1245,1369,674,4345,84,51,296,191,81,783,1,0,4,0,0,0,67,22,277,293,296,1193,65,30,211,14,21,68
2020-10-17,15,8,42,286,126,856,206,87,558,,,,164,72,619,627,344,2248,121,56,345,39,25,187,21,2,102,26,17,128,528,288,2195,375,244,1359,,,,19,8,86,107,86,469,66,36,209,351,424,1560,291,192,1027,121,90,385,208,160,630,168,98,541,60,43,265,122,70,445,4,0,10,229,127,910,146,75,531,405,188,1216,,,,150,97,470,71,57,330,317,110,1037,34,19,197,100,48,315,5,1,16,121,69,553,70,32,168,158,59,408,247,192,1158,279,215,1088,320,186,791,42,14,156,264,111,997,48,14,210,13,6,117,168,90,599,68,52,302,380,165,1253,1361,697,4295,90,48,295,184,64,762,1,0,4,0,0,0,67,32,283,290,302,1167,64,24,204,11,23,64
2020-10-18,15,3,42,275,109,864,206,92,568,,,,163,91,637,675,320,2298,127,50,363,42,22,202,22,7,103,23,13,133,546,276,2263,375,214,1293,,,,19,12,94,113,68,478,69,25,213,380,441,1598,293,149,1016,115,49,386,198,155,627,180,69,545,61,42,288,122,59,458,0,0,10,239,94,925,146,68,562,407,171,1233,,,,146,80,498,69,49,340,320,143,1046,41,13,190,108,40,348,5,0,15,116,69,583,80,32,188,142,52,412,244,141,1188,290,207,1108,325,188,811,34,19,143,278,112,1002,43,15,168,17,11,125,170,63,599,67,46,300,392,161,1261,1371,701,4387,93,37,303,184,66,771,1,0,3,0,0,0,74,26,284,316,269,1184,67,20,210,12,32,70
2020-10-19,13,8,40,271,126,885,218,84,589,,,,164,72,661,675,320,2337,132,74,389,46,24,220,18,17,105,25,14,135,546,264,2277,388,218,1320,,,,17,7,89,125,71,501,55,32,216,437,292,1753,320,199,1078,119,55,373,217,168,666,175,80,564,67,40,290,127,50,437,1,0,10,249,96,938,161,74,595,436,156,1264,,,,167,83,541,70,65,337,335,119,1072,44,12,186,116,42,370,5,2,15,125,80,614,88,33,215,133,50,440,245,143,1244,314,183,1157,323,200,851,36,15,135,283,189,1060,45,18,237,16,9,130,171,59,612,68,49,317,398,157,1299,1423,649,4653,95,48,305,182,67,786,1,0,4,0,0,0,74,30,292,334,302,1258,62,29,221,16,30,76
2020-10-20,16,11,44,269,139,876,220,99,603,,,,167,91,648,669,368,2390,140,105,402,40,24,219,22,12,113,22,15,126,536,339,2272,397,311,1351,,,,14,16,85,133,90,539,64,36,248,456,268,1764,339,195,1118,112,80,377,219,200,694,192,106,596,66,43,308,131,74,446,1,1,10,266,137,982,164,90,619,440,185,1272,,,,158,122,605,73,72,336,336,164,1095,38,24,210,109,63,377,5,4,14,127,94,631,86,33,220,117,53,455,247,169,1232,322,246,1240,321,206,856,41,62,139,287,163,1143,54,26,298,15,10,126,174,78,618,72,48,326,390,194,1317,1452,708,4862,104,50,321,186,73,675,1,0,4,0,0,0,73,30,309,347,305,1292,64,27,218,21,33,77
2020-10-21,12,11,51,271,152,888,209,93,592,,,,165,87,521,669,325,2392,147,99,431,40,32,236,24,13,111,23,11,138,522,305,2296,406,274,1353,,,,13,7,79,133,90,529,66,47,253,481,285,1841,344,177,1109,123,95,414,229,165,715,196,94,640,75,61,302,139,61,451,0,2,7,259,134,1022,158,71,611,463,179,1303,,,,162,95,609,68,73,356,336,129,1095,44,32,273,133,76,399,6,3,15,129,93,789,94,49,240,138,66,453,260,232,1325,338,250,1277,324,203,870,39,16,135,296,133,1138,62,21,299,15,14,135,170,74,626,77,51,288,404,177,1374,1485,729,5012,104,52,303,198,77,672,1,0,4,0,0,1,70,35,306,351,313,1297,64,20,219,23,25,77
2020-10-22,14,10,60,277,151,890,212,83,595,,,,176,98,546,669,356,2394,163,81,453,48,35,244,24,8,109,23,14,135,524,317,2277,412,320,1387,,,,14,3,74,134,87,534,72,32,252,486,262,1868,355,174,1145,115,89,432,222,214,731,183,96,611,78,79,312,131,71,479,0,2,7,282,152,1055,169,99,608,442,156,1266,,,,171,78,612,78,70,364,334,149,1100,48,20,268,127,53,398,6,0,13,139,98,673,94,54,259,132,47,462,267,196,1358,351,252,1335,337,235,896,37,24,147,291,156,1238,48,19,297,15,8,146,177,73,602,74,78,340,417,163,1348,1543,747,5152,104,53,309,202,65,785,1,0,3,0,0,0,83,27,301,370,344,1352,71,28,234,18,12,85
2020-10-23,14,6,58,285,175,918,206,82,583,,,,188,111,573,654,355,2375,168,91,479,50,32,244,21,14,114,25,9,129,520,361,2321,429,268,1404,,,,11,6,65,130,104,546,75,46,272,506,288,1983,376,177,1213,114,90,448,227,221,759,188,69,600,81,61,307,131,60,459,0,1,9,291,159,1086,159,113,615,429,175,1252,,,,164,82,573,80,49,354,342,146,1109,45,38,295,129,43,424,8,4,16,141,87,707,86,45,245,135,52,473,285,193,1354,363,232,1359,297,191,878,34,19,138,318,147,1263,44,23,278,14,19,155,177,78,601,71,49,344,425,170,1376,1545,810,5087,103,37,297,200,70,668,1,0,3,0,1,1,90,29,287,355,341,1357,75,38,251,19,12,84
2020-10-24,8,5,52,297,152,955,193,98,580,,,,196,115,588,627,342,2282,175,84,502,52,44,253,23,16,115,29,9,129,528,394,2392,433,262,1348,,,,8,6,67,119,86,542,67,30,261,492,292,2082,377,179,1166,113,86,456,249,268,764,195,215,590,81,65,306,120,56,443,0,2,11,294,175,1140,152,111,627,416,187,1251,,,,169,82,571,72,40,334,338,172,1088,41,27,270,125,45,422,9,2,22,141,113,724,118,60,345,139,50,468,282,196,1271,375,198,1330,272,208,847,36,17,136,340,154,1284,35,30,308,17,8,157,180,65,599,70,61,351,432,178,1363,1581,757,5301,106,50,292,187,94,679,1,0,3,1,1,2,84,32,290,341,334,1341,78,36,262,24,15,95
2020-10-25,9,4,52,288,150,969,206,87,611,,,,183,95,583,622,325,2311,178,95,513,61,24,276,26,10,117,25,12,133,540,305,2431,442,241,1363,,,,12,4,65,127,77,558,68,30,260,522,278,2116,387,173,1184,117,85,444,274,186,794,190,77,589,78,57,324,124,61,455,2,2,11,295,147,1188,160,87,649,414,157,1265,,,,175,75,575,76,51,326,342,131,1143,44,17,259,131,55,425,10,5,23,149,86,778,131,90,347,134,47,472,292,177,1333,370,191,1327,270,183,843,37,12,137,337,124,1285,43,10,240,16,4,159,178,59,602,84,53,374,410,147,1393,1577,641,5382,103,48,289,192,65,706,1,0,2,1,1,3,84,30,303,350,340,1405,73,25,259,26,17,105
2020-10-26,12,10,57,295,150,979,199,82,594,,,,199,79,593,667,302,2372,191,76,510,61,34,293,29,11,127,25,9,126,565,294,2477,427,250,1428,,,,11,8,63,126,79,563,72,41,275,530,299,2209,389,130,1234,127,76,421,250,196,808,206,64,591,82,57,338,125,56,469,6,5,15,315,184,1285,178,96,701,432,168,1314,,,,167,51,572,83,46,361,339,123,1174,42,30,276,128,33,429,9,4,27,144,78,803,116,44,309,142,45,489,284,147,1369,396,177,1380,273,165,837,34,19,131,346,138,1335,50,16,277,16,6,161,180,86,664,79,62,392,404,172,1382,1636,686,5616,110,52,309,188,78,731,1,0,2,1,2,3,92,30,329,359,332,1474,79,24,270,25,15,103
2020-10-27,13,14,63,288,172,1012,197,94,622,,,,194,89,617,703,357,2370,213,88,539,63,47,311,22,10,122,31,8,130,605,370,2527,436,330,1445,,,,13,9,64,135,113,581,72,38,264,532,355,2260,386,192,1282,128,92,430,254,225,847,216,93,596,77,54,346,129,101,499,8,3,14,338,241,1346,177,117,723,441,212,1332,,,,178,76,584,86,83,375,341,151,1148,45,34,272,130,68,446,9,3,24,155,114,823,114,51,331,139,57,487,284,193,1378,413,224,1445,286,208,820,41,21,140,369,178,1411,42,36,296,18,13,167,181,92,636,81,92,406,427,204,1418,1673,734,5749,116,56,325,195,82,718,1,0,3,2,1,4,98,48,327,371,340,1523,84,27,275,24,18,105
2020-10-28,17,8,68,305,188,1046,199,77,627,,,,195,95,613,697,376,2384,230,112,600,70,52,322,24,11,126,27,13,134,590,519,2533,446,317,1449,,,,13,9,65,134,112,606,75,40,268,566,355,2427,393,162,1295,141,103,435,251,221,893,210,91,592,73,54,344,137,60,495,8,6,19,360,267,1398,189,126,761,418,170,1388,,,,186,95,614,98,61,368,350,153,1123,47,32,281,137,81,487,11,2,28,156,106,852,107,42,297,155,72,521,283,205,1384,411,253,1501,293,204,869,44,21,158,364,174,1446,53,108,305,17,18,181,193,72,661,73,78,407,434,191,1444,1624,750,5642,116,51,344,195,92,737,1,0,2,3,3,5,99,37,331,375,373,1572,85,41,289,27,12,106
2020-10-29,18,11,72,302,149,1008,194,95,634,,,,201,102,646,680,360,2467,231,120,632,67,41,330,25,18,126,25,13,136,637,548,2559,436,269,1463,,,,9,5,62,152,95,606,78,44,270,585,378,2430,403,217,1345,139,94,448,252,281,898,217,81,607,80,58,347,138,82,516,7,8,21,378,275,1488,192,103,796,439,211,1451,,,,186,79,606,91,51,367,349,148,1116,52,39,290,157,105,541,12,8,32,173,108,886,120,59,376,153,52,535,287,198,1389,420,251,1542,303,190,877,46,28,170,373,182,1482,56,128,330,16,11,173,183,85,644,84,71,406,457,184,1467,1618,795,5638,127,59,351,180,86,729,1,0,3,3,2,5,102,55,345,354,363,1595,75,34,293,18,25,106
2020-10-30,18,11,76,302,158,1011,201,103,618,,,,184,107,666,694,452,2585,246,117,655,68,53,342,24,15,126,24,5,124,628,588,2584,443,334,1442,,,,8,5,58,154,103,628,76,48,281,587,362,2527,402,227,1378,141,113,452,255,278,925,210,76,590,89,60,365,134,66,523,7,4,24,390,293,1554,192,112,836,452,198,1453,,,,159,66,556,86,81,386,356,158,1105,52,46,348,170,76,588,14,6,43,175,122,899,130,58,406,166,44,540,299,207,1524,433,279,1619,293,204,884,46,16,155,360,198,1512,56,106,356,16,11,174,184,77,655,81,60,418,439,214,1491,1672,807,5803,117,48,337,199,78,740,1,0,3,2,0,4,110,58,379,366,377,1677,73,23,291,22,26,122
2020-10-31,11,12,80,294,150,1017,207,83,604,,,,180,111,663,718,356,2542,222,137,688,70,47,326,34,14,117,27,17,135,633,371,2551,429,296,1463,,,,9,8,62,163,132,675,82,49,284,599,345,2603,396,238,1389,146,99,457,234,256,945,217,85,588,86,52,369,132,72,515,10,8,32,388,280,1598,190,127,844,458,206,1434,,,,152,71,542,78,69,384,354,148,1073,46,30,277,148,93,613,12,3,39,178,140,934,140,72,408,167,70,547,309,173,1399,435,298,1661,322,214,937,45,17,154,375,184,1517,55,76,346,17,7,168,178,43,646,84,64,433,461,169,1483,1662,826,5771,118,65,357,179,84,688,1,0,3,1,0,3,96,30,351,392,351,1626,76,28,293,22,23,114
2020-11-01,10,8,78,303,136,1033,195,70,584,,,,197,108,687,723,368,2590,243,114,710,77,24,346,31,6,115,26,10,144,626,362,2636,429,287,1429,,,,10,9,67,156,115,718,78,40,279,606,333,2752,419,206,1423,143,70,454,266,241,930,218,77,596,96,64,388,142,59,531,11,4,30,382,269,1667,207,121,863,482,197,1466,,,,149,61,534,74,55,375,359,109,1076,44,21,280,133,60,608,9,7,42,177,106,969,135,76,425,177,64,583,311,167,1441,437,259,1680,316,223,960,51,21,158,389,179,1515,44,92,347,19,8,176,183,41,637,85,55,426,459,145,1495,1730,767,5876,135,46,372,181,70,689,2,1,4,1,0,1,94,31,365,390,324,1697,84,37,309,24,15,109
2020-11-02,19,7,80,317,166,1056,211,89,602,,,,189,95,699,763,385,2648,261,146,748,74,50,384,23,12,111,27,14,136,623,358,2746,440,261,1457,,,,12,3,61,171,93,729,77,46,289,669,345,2979,438,187,1505,147,103,485,271,274,974,220,70,622,96,58,399,145,71,563,11,5,33,399,235,1713,208,136,851,496,217,1553,,,,153,70,532,80,62,395,346,139,1089,54,28,319,159,84,630,11,3,37,193,110,1026,150,59,443,169,56,597,327,182,1537,463,322,1807,307,228,977,53,19,175,434,220,1671,42,72,321,23,6,191,197,73,668,80,57,457,463,164,1532,1773,744,6043,137,57,357,186,72,719,1,0,1,3,1,3,114,39,377,396,384,1816,84,32,326,29,22,122
2020-11-03,21,13,86,311,144,1033,213,97,582,,,,212,137,763,797,442,2726,276,169,798,77,47,377,23,13,113,29,13,141,635,418,2696,439,303,1457,,,,11,5,60,182,166,778,87,46,324,661,480,3066,429,182,1500,150,127,506,299,356,994,219,100,614,109,64,402,161,87,595,13,5,35,415,292,1832,213,134,957,526,226,1581,,,,156,76,541,85,85,405,339,205,1105,66,43,349,167,117,673,10,2,34,202,161,1049,152,69,434,181,95,626,335,253,1619,500,380,1944,328,242,1003,47,30,181,429,256,1773,48,13,365,22,16,195,195,64,670,94,71,467,482,186,1517,1778,798,5976,137,69,372,191,98,733,0,0,0,3,0,3,113,38,378,406,435,1880,86,30,324,25,26,119
2020-11-04,25,14,94,304,144,1058,201,86,604,,,,227,121,815,812,400,2756,280,139,853,68,40,384,22,12,106,29,17,141,635,391,2681,435,337,1479,,,,11,6,62,190,159,840,90,37,322,670,463,3183,439,212,1534,157,144,582,303,252,1031,215,102,623,114,64,405,156,82,584,13,4,35,446,288,1977,239,170,1045,478,263,1651,,,,149,78,538,82,84,425,338,161,1107,64,38,372,172,109,686,8,5,41,204,150,1085,150,76,475,175,81,655,321,320,1673,496,329,2002,314,241,1019,47,30,186,476,271,1844,65,79,357,21,18,204,207,81,689,96,91,461,460,233,1567,1783,906,6074,143,69,395,187,86,766,0,0,0,4,1,4,117,43,377,400,394,1914,95,28,340,28,34,134
2020-11-05,26,15,103,307,165,1059,212,99,627,,,,214,109,801,819,439,2807,285,161,875,76,58,412,21,6,100,27,12,146,605,444,2706,458,347,1473,,,,12,12,71,190,171,913,86,49,338,680,476,3276,449,220,1575,177,144,632,312,315,1075,217,107,645,116,66,408,165,93,616,17,7,37,471,340,2054,234,151,1080,469,266,1733,,,,159,78,563,79,82,434,330,173,1122,61,39,388,185,105,713,8,3,45,224,161,1176,148,98,484,190,81,687,345,339,1708,536,379,2084,317,232,1012,41,35,190,469,243,1890,62,91,376,25,11,205,198,77,691,98,78,489,453,190,1562,1825,859,6194,154,65,402,188,107,780,0,0,0,3,0,3,121,45,393,413,426,1956,93,34,339,30,28,135
2020-11-06,26,15,101,305,159,1062,217,125,674,,,,227,152,832,810,429,2857,295,188,967,86,67,433,19,7,94,28,10,148,633,408,2706,442,388,1544,,,,14,8,72,207,179,943,83,45,325,713,521,3398,444,257,1607,183,140,638,300,284,1030,213,94,631,125,91,420,158,111,642,15,8,38,469,305,2125,234,189,1126,487,333,1798,,,,152,62,562,82,81,426,334,163,1136,60,60,443,174,109,736,9,5,48,234,168,1235,153,76,517,210,85,720,369,374,1770,547,396,2191,309,206,1026,50,31,212,474,269,1939,65,91,328,26,27,219,175,63,660,103,83,502,452,187,1528,1802,899,6187,148,66,405,193,107,790,1,0,0,2,0,3,115,47,404,413,444,1967,92,43,349,33,28,143
2020-11-07,19,20,112,303,173,1075,202,111,683,,,,242,172,876,820,431,2929,307,180,1004,84,84,464,27,19,103,26,16,150,655,472,2783,436,365,1543,,,,15,9,79,189,192,992,84,52,337,735,554,3506,427,338,1649,186,157,636,290,280,1022,204,88,613,140,104,437,163,112,655,16,9,43,536,341,2206,242,196,1180,476,295,1821,,,,157,84,577,78,88,428,321,150,1121,67,60,436,185,111,743,9,9,53,227,183,1270,160,90,529,211,98,753,353,347,1788,567,389,2208,315,208,1054,48,36,238,496,286,2058,69,114,378,29,20,227,176,74,648,99,91,527,464,180,1518,1808,861,6112,158,80,428,182,99,789,1,0,1,0,2,3,109,57,382,421,445,1976,88,48,350,30,28,147
2020-11-08,21,12,108,326,172,1138,219,97,701,,,,263,164,937,848,410,3039,311,215,1012,89,65,509,31,19,119,31,17,154,691,399,2882,442,298,1541,,,,15,4,75,183,154,1032,94,55,356,777,504,3713,443,314,1710,183,141,654,315,276,1070,209,81,668,142,79,457,172,106,697,13,5,46,566,326,2355,246,166,1210,504,292,1911,,,,167,92,593,81,75,440,329,118,1122,66,34,404,199,113,794,10,7,55,241,170,1365,163,85,543,240,83,787,358,335,1809,578,393,2308,315,197,1048,51,33,260,515,261,2093,65,101,374,29,20,233,171,66,652,101,71,544,476,199,1586,1856,780,6217,171,74,437,180,99,814,1,0,1,0,0,3,116,59,443,421,419,1990,93,40,316,34,28,166
2020-11-09,19,19,105,341,181,1182,235,102,710,,,,258,160,983,871,373,3149,304,188,1029,97,78,559,24,23,143,31,18,169,700,411,3027,457,327,1597,,,,15,5,69,198,171,1117,94,39,366,830,532,3999,481,287,1895,192,131,686,298,254,1099,226,100,670,149,72,479,180,128,764,22,7,52,564,362,2566,263,167,1285,533,297,1960,,,,175,68,593,85,80,435,334,177,1166,64,37,413,198,117,820,13,5,58,254,205,1494,162,72,554,224,101,827,367,269,1904,617,427,2520,326,237,1140,52,42,269,550,334,2330,65,93,374,28,24,236,181,70,666,104,62,543,480,211,1651,1881,751,6291,168,76,426,187,98,838,1,0,1,4,1,8,117,50,476,439,450,2146,93,29,303,35,34,174
2020-11-10,19,18,103,359,196,1218,237,121,722,,,,273,177,997,907,508,3282,304,232,1108,90,88,596,27,21,144,30,13,157,745,503,3138,462,365,1622,,,,15,10,74,211,235,1176,92,56,374,862,659,4233,503,342,2050,195,169,701,310,300,1163,221,120,665,151,91,517,197,131,797,17,10,57,581,367,2630,294,222,1359,526,317,2065,,,,163,106,608,86,77,418,312,194,1186,68,49,425,206,144,856,15,12,65,280,230,1580,166,70,578,226,94,850,360,439,2013,648,459,2733,326,272,1190,62,52,291,569,363,2448,69,60,379,27,21,241,181,91,690,96,76,544,493,263,1719,1937,1004,6917,169,77,440,215,122,925,1,0,1,4,5,10,118,65,497,445,553,2214,95,38,303,31,27,181
2020-11-11,16,15,107,352,207,1223,231,110,707,,,,279,174,1024,936,479,3396,322,229,1141,114,103,624,26,21,137,25,24,157,727,482,3128,487,436,1685,,,,14,7,69,224,218,1214,96,61,389,878,691,4466,528,286,2112,212,192,780,313,325,1212,163,122,670,148,99,526,197,175,835,20,12,67,588,363,2754,308,235,1467,522,313,2132,,,,157,110,625,84,81,420,331,156,1210,68,54,413,210,135,880,16,9,65,292,249,1644,171,206,580,224,95,859,370,491,2071,692,482,2916,344,278,1221,61,41,292,595,322,2519,70,88,423,28,18,241,190,66,670,99,81,539,510,266,1775,1901,1018,7047,174,88,484,216,105,934,0,0,3,7,5,14,137,77,543,463,500,2256,104,41,332,29,37,189
2020-11-12,24,13,115,346,186,1248,229,138,745,,,,287,167,1067,950,583,3482,344,231,1177,122,106,662,26,22,143,24,17,164,714,507,3175,488,384,1711,,,,13,6,63,240,217,1224,86,62,389,907,653,4601,530,285,2135,216,190,804,322,364,1252,168,107,688,161,85,538,206,135,908,21,8,69,641,400,2908,305,237,1499,550,314,2160,,,,169,86,631,86,72,422,360,190,1335,62,45,438,217,134,895,18,10,68,296,283,1748,156,89,584,256,121,909,392,546,2167,728,493,3058,355,272,1220,62,35,298,624,338,2652,76,45,413,29,16,257,184,68,652,103,85,544,501,262,1818,2032,1004,7220,164,87,493,231,112,981,0,0,3,6,6,17,140,66,540,449,509,2253,113,61,363,30,27,183
2020-11-13,23,16,108,346,174,1200,231,114,759,,,,301,175,1110,980,545,3611,355,212,1155,120,96,699,26,12,139,26,24,165,731,524,3238,500,381,1751,,,,16,10,69,247,223,1261,81,42,377,905,624,4494,552,367,2200,228,159,822,321,370,1278,171,118,703,147,114,574,222,168,914,22,6,66,639,459,2990,311,227,1537,571,335,2235,,,,165,73,635,87,93,436,358,188,1308,55,60,484,202,121,893,17,19,72,317,307,1847,163,76,533,247,197,948,442,526,2235,725,488,3045,368,268,1236,68,47,333,660,403,2778,79,50,438,24,15,260,188,76,647,91,74,535,522,203,1774,1976,1044,7084,175,77,492,234,131,1006,0,0,3,4,5,19,141,58,538,474,501,2227,111,38,367,34,28,199
2020-11-14,26,28,124,339,175,1178,227,134,728,,,,300,203,1133,1027,578,3745,354,241,1184,120,96,699,35,12,135,28,33,174,725,536,3266,513,409,1771,,,,15,13,77,248,234,1282,63,46,244,946,618,4627,566,351,2214,229,155,840,343,374,1319,148,131,697,153,100,599,232,166,921,22,3,65,673,406,3030,330,232,1562,586,360,2247,,,,152,82,630,94,109,457,361,208,1320,52,44,423,218,115,849,13,7,65,329,246,1920,180,125,623,244,112,947,437,478,2307,760,540,3175,367,286,1238,74,58,339,698,351,2814,82,39,438,27,14,273,195,78,632,100,67,541,462,242,1653,1954,1081,7090,174,75,494,227,114,986,0,0,3,3,2,17,148,87,574,468,514,2205,120,60,388,29,36,200
2020-11-15,23,19,129,346,184,1221,236,129,737,,,,300,189,1182,1043,578,3815,352,213,1219,120,96,699,31,12,117,31,20,171,748,428,3245,492,390,1770,,,,14,10,75,256,259,1390,67,46,252,955,600,4702,563,344,2222,231,160,849,373,355,1371,223,107,778,155,91,644,236,156,944,22,8,62,673,358,3026,342,215,1642,598,320,2257,,,,157,84,653,96,104,463,372,182,1330,52,40,421,219,112,860,18,12,70,331,243,1921,183,126,633,249,103,960,437,473,2421,756,510,3228,378,281,1247,76,46,340,731,349,2872,77,21,383,23,15,276,201,74,622,96,67,542,451,225,1583,1968,1089,7202,162,70,475,233,100,955,0,0,2,2,0,16,149,76,584,465,494,2212,117,44,407,29,32,198
