date,AK-pt,AK-hc,AK-ht,AK-ic,AK-it,AK-vc,AK-vt,AK-dt,AL-pt,AL-hc,AL-ht,AL-ic,AL-it,AL-vc,AL-vt,AL-dt,AR-pt,AR-hc,AR-ht,AR-ic,AR-it,AR-vc,AR-vt,AR-dt,AS-pt,AS-hc,AS-ht,AS-ic,AS-it,AS-vc,AS-vt,AS-dt,AZ-pt,AZ-hc,AZ-ht,AZ-ic,AZ-it,AZ-vc,AZ-vt,AZ-dt,CA-pt,CA-hc,CA-ht,CA-ic,CA-it,CA-vc,CA-vt,CA-dt,CO-pt,CO-hc,CO-ht,CO-ic,CO-it,CO-vc,CO-vt,CO-dt,CT-pt,CT-hc,CT-ht,CT-ic,CT-it,CT-vc,CT-vt,CT-dt,DC-pt,DC-hc,DC-ht,DC-ic,DC-it,DC-vc,DC-vt,DC-dt,DE-pt,DE-hc,DE-ht,DE-ic,DE-it,DE-vc,DE-vt,DE-dt,FL-pt,FL-hc,FL-ht,FL-ic,FL-it,FL-vc,FL-vt,FL-dt,GA-pt,GA-hc,GA-ht,GA-ic,GA-it,GA-vc,GA-vt,GA-dt,GU-pt,GU-hc,GU-ht,GU-ic,GU-it,GU-vc,GU-vt,GU-dt,HI-pt,HI-hc,HI-ht,HI-ic,HI-it,HI-vc,HI-vt,HI-dt,IA-pt,IA-hc,IA-ht,IA-ic,IA-it,IA-vc,IA-vt,IA-dt,ID-pt,ID-hc,ID-ht,ID-ic,ID-it,ID-vc,ID-vt,ID-dt,IL-pt,IL-hc,IL-ht,IL-ic,IL-it,IL-vc,IL-vt,IL-dt,IN-pt,IN-hc,IN-ht,IN-ic,IN-it,IN-vc,IN-vt,IN-dt,KS-pt,KS-hc,KS-ht,KS-ic,KS-it,KS-vc,KS-vt,KS-dt,KY-pt,KY-hc,KY-ht,KY-ic,KY-it,KY-vc,KY-vt,KY-dt,LA-pt,LA-hc,LA-ht,LA-ic,LA-it,LA-vc,LA-vt,LA-dt,MA-pt,MA-hc,MA-ht,MA-ic,MA-it,MA-vc,MA-vt,MA-dt,MD-pt,MD-hc,MD-ht,MD-ic,MD-it,MD-vc,MD-vt,MD-dt,ME-pt,ME-hc,ME-ht,ME-ic,ME-it,ME-vc,ME-vt,ME-dt,MI-pt,MI-hc,MI-ht,MI-ic,MI-it,MI-vc,MI-vt,MI-dt,MN-pt,MN-hc,MN-ht,MN-ic,MN-it,MN-vc,MN-vt,MN-dt,MO-pt,MO-hc,MO-ht,MO-ic,MO-it,MO-vc,MO-vt,MO-dt,MP-pt,MP-hc,MP-ht,MP-ic,MP-it,MP-vc,MP-vt,MP-dt,MS-pt,MS-hc,MS-ht,MS-ic,MS-it,MS-vc,MS-vt,MS-dt,MT-pt,MT-hc,MT-ht,MT-ic,MT-it,MT-vc,MT-vt,MT-dt,NC-pt,NC-hc,NC-ht,NC-ic,NC-it,NC-vc,NC-vt,NC-dt,ND-pt,ND-hc,ND-ht,ND-ic,ND-it,ND-vc,ND-vt,ND-dt,NE-pt,NE-hc,NE-ht,NE-ic,NE-it,NE-vc,NE-vt,NE-dt,NH-pt,NH-hc,NH-ht,NH-ic,NH-it,NH-vc,NH-vt,NH-dt,NJ-pt,NJ-hc,NJ-ht,NJ-ic,NJ-it,NJ-vc,NJ-vt,NJ-dt,NM-pt,NM-hc,NM-ht,NM-ic,NM-it,NM-vc,NM-vt,NM-dt,NV-pt,NV-hc,NV-ht,NV-ic,NV-it,NV-vc,NV-vt,NV-dt,NY-pt,NY-hc,NY-ht,NY-ic,NY-it,NY-vc,NY-vt,NY-dt,OH-pt,OH-hc,OH-ht,OH-ic,OH-it,OH-vc,OH-vt,OH-dt,OK-pt,OK-hc,OK-ht,OK-ic,OK-it,OK-vc,OK-vt,OK-dt,OR-pt,OR-hc,OR-ht,OR-ic,OR-it,OR-vc,OR-vt,OR-dt,PA-pt,PA-hc,PA-ht,PA-ic,PA-it,PA-vc,PA-vt,PA-dt,PR-pt,PR-hc,PR-ht,PR-ic,PR-it,PR-vc,PR-vt,PR-dt,RI-pt,RI-hc,RI-ht,RI-ic,RI-it,RI-vc,RI-vt,RI-dt,SC-pt,SC-hc,SC-ht,SC-ic,SC-it,SC-vc,SC-vt,SC-dt,SD-pt,SD-hc,SD-ht,SD-ic,SD-it,SD-vc,SD-vt,SD-dt,TN-pt,TN-hc,TN-ht,TN-ic,TN-it,TN-vc,TN-vt,TN-dt,TX-pt,TX-hc,TX-ht,TX-ic,TX-it,TX-vc,TX-vt,TX-dt,UT-pt,UT-hc,UT-ht,UT-ic,UT-it,UT-vc,UT-vt,UT-dt,VA-pt,VA-hc,VA-ht,VA-ic,VA-it,VA-vc,VA-vt,VA-dt,VI-pt,VI-hc,VI-ht,VI-ic,VI-it,VI-vc,VI-vt,VI-dt,VT-pt,VT-hc,VT-ht,VT-ic,VT-it,VT-vc,VT-vt,VT-dt,WA-pt,WA-hc,WA-ht,WA-ic,WA-it,WA-vc,WA-vt,WA-dt,WI-pt,WI-hc,WI-ht,WI-ic,WI-it,WI-vc,WI-vt,WI-dt,WV-pt,WV-hc,WV-ht,WV-ic,WV-it,WV-vc,WV-vt,WV-dt,WY-pt,WY-hc,WY-ht,WY-ic,WY-it,WY-vc,WY-vt,WY-dt
20200301,,,,,,,,,,,,,,,,,,,,,,,,,,,,,,,,,,,,,,,,,,,,,,,,,,,,,,,,,,,,,,,,,,,,,,,,,,,,,,,,,,,,,,,,,,,,,,,,,,,,,,,,,,,,,,,,,,,,,,,,,,,,,,,,,,,,,,,,,,,,,,,,,,,,,,,,,,,,,,,,,,,,,,,,,,,,,,,,,,,,,,,,,,,,,,,,,9,,,,,,,,,,,,,,,,,,,,,,,,,,,,,,,,,,,,,,,,,,,,,,,,,,,,,,,,,,,,,,,,,,,,,,,,,,,,,,,,,,,,,,,,,,,,,,,,,,,,,,,,,,,,,,,,,,,,,,,,,,,,,,,,,,,,,,,,,,,,,,,,,,,,,,,,1,,,,,,,,,,,,,,,,,,,,,,,,,,,,,,,,,,,,,,,,,,,,,,,,,,,,,,,,,,,,,,,,,,,,,,,,34,,,,,,,8,,,,,,,,,,,,,,,,,,,,,,,,
20200302,,,,,,,,,,,,,,,,,,,,,,,,,,,,,,,,,,,,,,,,,,,,,,,,,,,,,,,,,,,,,,,,,,,,,,,,,,,,,,,,,,,,,,,,,,,,,,,,,,,,,,,,,,,,,,,,,,,,,,,,,,,,,,,,,,,,,,,,,,,,,,,,,,,,,,,,,,,,,,,,,,,,,,,,,,,,,,,,,,,,,,,,,,,,,,,,,18,,,,,,,,,,,,,,,,,,,,,,,,,,,,,,,,,,,,,,,,,,,,,,,,,,,,,,,,,,,,,,,,,,,,,,,,,,,,,,,,,,,,,,,,,,,,,,,,,,,,,,,,,,,,,,,,,,,,,,,,,,,,,,,,,,,,,,,,,,,,,,,,,,,,,,,,1,,,,,,,,,,,,,,,,,,,,,,,,,,,,,,,,,,,,,,,,,,,,,,,,,,,,,,,,,,,,,,,,,,,,,,,,65,,,,,,,11,,,,,,,,,,,,,,,,,,,,,,,,
20200303,,,,,,,,,,,,,,,,,,,,,,,,,,,,,,,,,,,,,,,,,,,,,,,,,,,,,,,,,,,,,,,,,,,,,,,,,,,,,,,,,,,,,,,,,,,,,,,,,,,,,,,,,,,,,,,,,,,,,,,,,,,,,,,,,,,,,,,,,,,,,,,,,,,,,,,,,,,,,,,,,,,,,,,,,,,,,,,,,,,,,,,,,,,,,,,,,34,,,,,,,,,,,,,,,,,,,,,,,,,,,,,,,,,,,,,,,,,,,,,,,,,,,,,,,,,,,,,,,,,,,,,,,,,,,,,,,,,,,,,,,,,,,,,,,,,,,,,,,,,,,,,,,,,,,,,,,,,,,,,,,,,,,,,,,,,,,,,,,,,,,,,,,,2,,,,,,,,,,,,,,,,,,,,,,,,,,,,,,,,,,,,,,,,,,,,,,,,,,,,,,,,,,,,,,,,,,,,,,,,90,,,,,,,14,,,,,,,,,,,,,,,,,,,,,,,,
20200304,,,,,,,,,,,,,,,,,,,,,,,,,,,,,,,,,2,,,,,,,,53,,,,,,,,,,,,,,,,,,,,,,,,,,,,,,,,,,,,,,,,2,,,,,,,,2,,,,,,,,,,,,,,,,,,,,,,,,,,,,,,,,,,,,,,,,4,,,,,,,,,,,,,,,,,,,,,,,,,,,,,,,,,,,,,,,,,,,,,,,,,,,,,,,,,,,,,,,,52,,,,,,,,,,,,,,,,,,,,,,,,,,,,,,,,,,,,,,,,,,,,,,,,1,,,,,,,,,,,,,,,,,,,,,,,,2,,,,,,,,,,,,,,,,,,,,,,,,,,,,,,,,6,,,,,,,,,,,,,,,,,,,,,,,,3,,,,,,,,,,,,,,,,,,,,,,,,2,,,,,,,,0,,,,,,,,,,,,,,,,,,,,,,,,1,,,,,,,,,,,,,,,,,,,,,,,,,,,,,,,,,,,,,,,,128,,,,,,,16,1,,,,,,,,,,,,,,,,,,,,,,,
20200305,,,,,,,,,,,,,,,,,,,,,,,,,,,,,,,,,2,,,,,,,,53,,,,,,,,0,,,,,,,,,,,,,,,,0,,,,,,,,,,,,,,,,9,,,,,,,,2,,,,,,,,,,,,,,,,,,,,,,,,,,,,,,,,,,,,,,,,5,,,,,,,,,,,,,,,,,,,,,,,,,,,,,,,,,,,,,,,,,,,,,,,,0,,,,,,,,,,,,,,,,72,,,,,,,,,,,,,,,,,,,,,,,,,,,,,,,,,,,,,,,,,,,,,,,,1,,,,,,,,,,,,,,,,0,,,,,,,,2,,,,,,,,1,,,,,,,,,,,,,,,,1,,,,,,,,22,,,,,,,,0,,,,,,,,,,,,,,,,3,,,,,,,,,,,,,,,,,,,,,,,,2,,,,,,,,0,,,,,,,,,,,,,,,,1,,,,,,,,1,,,,,,,,,,,,,,,,0,,,,,,,,,,,,,,,,,,,,,,,,179,,,,,,,20,1,,,,,,,,,,,,,,,,,,,,,,,
20200306,0,,,,,,,0,,,,,,,,,0,,,,,,,,,,,,,,,,3,,,,,,,,60,,,,,,,,2,,,,,,,,,,,,,,,,0,,,,,,,,0,,,,,,,,9,,,,,,,,2,,,,,,,,,,,,,,,,,,,,,,,,0,,,,,,,,,,,,,,,,5,,,,,,,,1,,,,,,,,0,,,,,,,,0,,,,,,,,,,,,,,,,,,,,,,,,3,,,,,,,,,,,,,,,,98,,,,,,,,0,,,,,,,,,,,,,,,,,,,,,,,,,,,,,,,,,,,,,,,,2,,,,,,,,,,,,,,,,0,,,,,,,,2,,,,,,,,1,,,,,,,,0,,,,,,,,1,,,,,,,,33,,,,,,,,0,,,,,,,,,,,,,,,,3,,,,,,,,2,,,,,,,,,,,,,,,,3,,,,,,,,0,,,,,,,,,,,,,,,,1,,,,,,,,5,,,,,,,,,,,,,,,,0,,,,,,,,,,,,,,,,0,,,,,,,,218,,,,,,,26,1,,,,,,,,0,,,,,,,,,,,,,,,
20200307,0,,,,,,,0,0,,,,,,,,0,,,,,,,,,,,,,,,,5,,,,,,,,69,,,,,,,,8,,,,,,,,0,,,,,,,,0,,,,,,,,0,,,,,,,,14,,,,,,,,6,,,,,,,,,,,,,,,,1,,,,,,,,0,,,,,,,,0,,,,,,,,6,,,,,,,,1,,,,,,,,0,,,,,,,,1,,,,,,,,0,,,,,,,,,,,,,,,,3,,,,,,,,0,,,,,,,,128,,,,,,,,1,,,,,,,,0,,,,,,,,,,,,,,,,0,,,,,,,,0,,,,,,,,2,,,,,,,,0,,,,,,,,1,,,,,,,,2,,,,,,,,4,,,,,,,,0,,,,,,,,1,,,,,,,,76,,,,,,,,0,,,,,,,,1,,,,,,,,7,,,,,,,,4,,,,,,,,,,,,,,,,2,,,,,,,,2,,,,,,,,0,,,,,,,,1,,,,,,,,8,,,,,,,,1,,,,,,,,0,,,,,,,,,,,,,,,,1,,,,,,,,256,,,,,,,27,1,,,,,,,,0,,,,,,,,0,,,,,,,
20200308,0,,,,,,,0,0,,,,,,,,0,,,,,,,,,,,,,,,,5,,,,,,,,88,,,,,,,,8,,,,,,,,1,,,,,,,,1,,,,,,,,0,,,,,,,,17,,,,,,,,7,,,,,,,,,,,,,,,,1,,,,,,,,0,,,,,,,,0,,,,,,,,6,,,,,,,,2,,,,,,,,1,,,,,,,,1,,,,,,,,0,,,,,,,,,,,,,,,,3,,,,,,,,0,,,,,,,,168,,,,,,,,1,,,,,,,,1,,,,,,,,,,,,,,,,0,,,,,,,,0,,,,,,,,2,,,,,,,,0,,,,,,,,1,,,,,,,,4,,,,,,,,6,,,,,,,,0,,,,,,,,1,,,,,,,,105,,,,,,,,0,,,,,,,,1,,,,,,,,14,,,,,,,,6,,,,,,,,,,,,,,,,3,,,,,,,,2,,,,,,,,0,,,,,,,,3,,,,,,,,8,,,,,,,,1,,,,,,,,2,,,,,,,,,,,,,,,,1,,,,,,,,317,,,,,,,31,1,,,,,,,,0,,,,,,,,0,,,,,,,
20200309,0,,,,,,,0,0,,,,,,,,0,,,,,,,,,,,,,,,,5,,,,,,,,114,,,,,,,,9,,,,,,,,1,,,,,,,,1,,,,,,,,0,,,,,,,,18,,,,,,,,12,,,,,,,,,,,,,,,,2,,,,,,,,3,,,,,,,,0,,,,,,,,7,,,,,,,,2,,,,,,,,1,,,,,,,,4,,,,,,,,1,,,,,,,,,,,,,,,,5,,,,,,,,0,,,,,,,,254,,,,,,,,2,,,,,,,,1,,,,,,,,,,,,,,,,0,,,,,,,,0,,,,,,,,2,,,,,,,,0,,,,,,,,3,,,,,,,,4,,,,,,,,11,,,,,,,,0,,,,,,,,1,,,,,,,,142,,,,,,,,3,,,,,,,,1,,,,,,,,14,,,,,,,,10,,,,,,,,,,,,,,,,3,,,,,,,,7,,,,,,,,0,,,,,,,,3,,,,,,,,12,,,,,,,,1,,,,,,,,3,,,,,,,,,,,,,,,,1,,,,,,,,378,,,,,,,35,1,,,,,,,,0,,,,,,,,0,,,,,,,
20200310,0,,,,,,,0,0,,,,,,,,0,,,,,,,,,,,,,,,,6,,,,,,,,133,,,,,,,,12,,,,,,,,2,,,,,,,,5,,,,,,,,0,,,,,,,,19,,,,,,,,17,,,,,,,,,,,,,,,,2,,,,,,,,8,,,,,,,,0,,,,,,,,19,,,,,,,,6,,,,,,,,1,,,,,,,,6,,,,,,,,1,,,,,,,,,,,,,,,,6,,,,,,,,0,,,,,,,,358,,,,,,,,3,,,,,,,,1,,,,,,,,,,,,,,,,0,,,,,,,,0,,,,,,,,7,,,,,,,,0,,,,,,,,3,,,,,,,,4,,,,,,,,15,,,,,,,,0,,,,,,,,1,,,,,,,,173,,,,,,,,3,,,,,,,,2,,,,,,,,15,,,,,,,,12,,,,,,,,,,,,,,,,3,,,,,,,,7,,,,,,,,0,,,,,,,,7,,,,,,,,13,,,,,,,,2,,,,,,,,8,,,,,,,,,,,,,,,,1,,,,,,,,488,,,,,,,37,2,,,,,,,,0,,,,,,,,0,,,,,,,
20200311,0,,,,,,,0,0,,,,,,,,0,,,,,,,,,,,,,,,,9,,,,,,,,157,,,,,,,,28,,,,,,,,3,,,,,,,,5,,,,,,,,1,,,,,,,,28,,,,,,,2,22,,,,,,,,,,,,,,,,2,,,,,,,,13,,,,,,,,0,,,,,,,,19,,,,,,,,10,,,,,,,,1,,,,,,,,8,,,,,,,,6,,,,,,,,,,,,,,,,9,,,,,,,,0,,,,,,,,497,,,,,,,,5,,,,,,,,1,,,,,,,,,,,,,,,,0,,,,,,,,0,,,,,,,,7,,,,,,,,0,,,,,,,,5,,,,,,,,4,,,,,,,,24,,,,,,,1,3,,,,,,,,5,,,,,,,,216,,,,,,,,4,,,,,,,,2,,,,,,,,19,,,,,,,,16,,,,,,,,,,,,,,,,5,,,,,,,,9,,,,,,,,5,,,,,,,,7,,,,,,,,21,,,,,,,,2,,,,,,,,9,,,,,,,,,,,,,,,,2,,,,,,,,621,,,,,,,40,3,,,,,,,,0,,,,,,,,0,,,,,,,
20200312,0,,,,,,,0,0,,,,,,,,6,,,,,,,,,,,,,,,,9,,,,,,,,202,,,,,,,4,45,,,,,,,,6,,,,,,,,10,,,,,,,,4,,,,,,,,32,,,,,,,2,31,,,,,,,,,,,,,,,,2,,,,,,,,14,,,,,,,,0,,,,,,,,25,,,,,,,,12,,,,,,,,4,,,,,,,,8,,,,,,,,14,,,,,,,,8,,,,,,,,12,,,,,,,,1,,,,,,,,702,,,,,,,,9,,,,,,,,1,,,,,,,,,,,,,,,,1,,,,,,,,1,,,,,,,,12,,,,,,,,1,,,,,,,,10,,,,,,,,6,,,,,,,,30,,,,,,,1,5,,,,,,,,7,,,,,,,,216,,,,,,,,5,,,,,,,,3,,,,,,,,19,,,,,,,,22,,,,,,,,,,,,,,,,5,,,,,,,,10,,,,,,,,8,,,,,,,,18,,,,,,,,23,,,,,,,,4,,,,,,,,17,,,,,,,,,,,,,,,,2,,,,,,,,799,,,,,,,44,8,,,,,,,,0,,,,,,,,1,,,,,,,
20200313,1,,,,,,,0,1,,,,,,,,9,,,,,,,,,,,,,,,,9,,,,,,,0,202,,,,,,,4,72,,,,,,,,6,,,,,,,,10,,,,,,,,4,,,,,,,,50,,,,,,,2,42,,,,,,,1,,,,,,,,,2,,,,,,,,16,,,,,,,,0,,,,,,,,32,,,,,,,,12,,,,,,,,6,,,,,,,,11,,,,,,,,36,,,,,,,,23,,,,,,,,17,,,,,,,,3,,,,,,,,945,,,,,,,,14,,,,,,,,2,,,,,,,,,,,,,,,,4,,,,,,,,1,,,,,,,,15,,,,,,,,1,,,,,,,0,13,,,,,,,,6,,,,,,,,50,,,,,,,1,10,,,,,,,,11,,,,,,,,421,,,,,,,,13,,,,,,,,3,,,,,,,,30,,,,,,,,41,,,,,,,,,,,,,,,,14,,,,,,,,12,,,,,,,,9,,,,,,,,26,,,,,,,,39,,,,,,,,6,,,,,,,,30,,,,,,,,,,,,,,,,5,,,,,,,,1015,,,,,,,47,19,,,,,,,,0,,,,,,,,1,,,,,,,
20200314,1,,,,,,,0,6,,,,,,,,12,,,,,,,,,,,,,,,,12,,,,,,,0,252,,,,,,,5,101,,,,,,,1,11,,,,,,,,10,,,,,,,,6,,,,,,,,77,,,,,,,3,66,,,,,,,1,,,,,,,,,2,,,,,,,,17,,,,,,,,2,,,,,,,,46,,,,,,,,15,,,,,,,0,6,,,,,,,1,14,,,,,,,,51,,,,,,,,38,,,,,,,,26,,,,,,,,3,,,,,,,,1196,,,,,,,,21,,,,,,,,4,,,,,,,0,,,,,,,,,6,,,,,,,,5,,,,,,,,23,,,,,,,,1,,,,,,,0,14,,,,,,,,7,,,,,,,,50,,,,,,,1,10,,,,,,,,20,,,,,,,,524,,,,,,,,13,,,,,,,,4,,,,,,,,30,,,,,,,,47,,,,,,,,,,,,,,,,20,,,,,,,,13,,,,,,,,9,,,,,,,,32,,,,,,,,51,,,,,,,,6,,,,,,,,30,,,,,,,,,,,,,,,,8,,,,,,,,1171,,,,,,,51,19,,,,,,,,0,,,,,,,,2,,,,,,,
20200315,1,,,,,,,0,12,,,,,,,0,16,,,,,,,,,,,,,,,,12,,,,,,,0,293,,,,,,,5,131,,,,,,,1,20,,,,,,,,16,,,,,,,,6,,,,,,,,116,,,,,,,4,99,,,,,,,1,,,,,,,,,2,,,,,,,,18,,,,,,,,5,,,,,,,,64,,,,,,,,19,,,,,,,0,8,,,,,,,1,16,,,,,,,,90,,,,,,,2,64,,,,,,,,31,,,,,,,,3,,,,,,,,1480,,,,,,,,35,,,,,,,,5,,,,,,,0,,,,,,,,,10,,,,,,,,7,,,,,,,,32,,,,,,,,1,,,,,,,0,17,,,,,,,,13,,,,,,,,98,,,,,,,2,13,,,,,,,,21,,,,,,,,729,,,,,,,3,36,,,,,,,,9,,,,,,,,36,,,,,,,,63,,,,,,,,,,,,,,,,20,,,,,,,,19,,,,,,,,9,,,,,,,,39,,,,,,,,56,,,,,,,,28,,,,,,,0,45,,,,,,,1,,,,,,,,,12,,,,,,,,1277,,,,,,,57,33,,,,,,,,0,,,,,,,0,3,,,,,,,
20200316,1,,,,,,,0,28,,,,,,,0,22,,,,,,,,,,,,,,,,18,,,,,,,0,335,,,,,,,6,131,,,,,,,1,26,,,,,,,,17,,,,,,,,8,,,,,,,,141,,,,,,,4,121,,,,,,,1,3,,,,,,,,7,,,,,,,,22,,,,,,,,5,,,,,,,,93,,,,,,,,24,,,,,,,1,11,,,,,,,1,21,,,,,,,1,115,,,,,,,2,97,,,,,,,,37,,,,,,,,17,,,,,,,,1933,,,,,,,,54,,,,,,,,6,,,,,,,0,0,,,,,,,,12,,,,,,,,7,,,,,,,,33,,,,,,,0,1,,,,,,,0,18,,,,,,,,13,,,,,,,,178,,,,,,,2,17,,,,,,,,45,,,,,,,1,950,,,,,,,7,50,,,,,,,,10,,,,,,,,39,,,,,,,,76,,,,,,,,5,,,,,,,,21,,,,,,,,28,,,,,,,1,10,,,,,,,,52,,,,,,,,57,,,,,,,,39,,,,,,,0,51,,,,,,,1,1,,,,,,,,17,,,,,,,,1577,,,,,,,69,47,,,,,,,,0,,,,,,,0,3,,,,,,,
20200317,3,,,,,,,0,36,,,,,,,0,22,,,,,,,,,,,,,,,,20,,,,,,,0,483,,,,,,,11,160,,,,,,,1,41,,,,,,,,22,,,,,,,,16,,,,,,,,186,,,,,,,6,146,,,,,,,1,5,,,,,,,,10,,,,,,,,23,,,,,,,,7,,,,,,,,159,,,,,,,1,30,,,,,,,2,15,,,,,,,1,22,,,,,,,1,137,,,,,,,4,118,,,,,,,,57,,,,,,,,32,,,,,,,,2393,,,,,,,,60,,,,,,,,8,,,,,,,0,0,,,,,,,,21,,,,,,,,8,,,,,,,,40,,,,,,,0,3,,,,,,,0,21,,,,,,,,17,,,,,,,,267,,,,,,,3,23,,,,,,,,55,,,,,,,1,1700,325,,,,,,7,67,,,,,,,,17,,,,,,,,47,,,,,,,,96,,,,,,,,5,,,,,,,,23,,,,,,,,33,,,,,,,1,11,,,,,,,,73,,,,,,,,64,,,,,,,1,51,,,,,,,0,67,,,,,,,1,2,,,,,,,,19,,,,,,,,1840,,,,,,,78,72,,,,,,,,0,,,,,,,0,10,,,,,,,
20200318,6,,,,,,,0,46,,,,,,,0,33,,,,,,,,,,,,,,,0,28,,,,,,,0,611,,,,,,,13,183,,,,,,,2,68,,,,,,,,31,,,,,,,,25,,,,,,,,314,,,,,,,7,197,,,,,,,1,8,,,,,,,,14,,,,,,,,29,,,,,,,,9,,,,,,,,288,,,,,,,1,39,,,,,,,2,16,,,,,,,1,26,,,,,,,1,240,,,,,,,6,156,,,,,,,2,85,,,,,,,,43,,,,,,,,2913,,,,,,,,77,,,,,,,,13,,,,,,,0,0,,,,,,,0,34,,,,,,,,10,,,,,,,,63,,,,,,,0,6,,,,,,,0,24,,,,,,,,26,,,,,,,,427,,,,,,,5,28,,,,,,,,55,,,,,,,1,2382,416,,,,,,12,88,,,,,,,,29,,,,,,,,75,,,,,,,3,133,,,,,,,1,5,,,,,,,,33,,,,,,,,60,,,,,,,1,11,,,,,,,1,98,,,,,,,,83,,,,,,,2,63,,,,,,,0,77,,,,,,,1,2,,,,,,,,21,,,,,,,,2129,,,,,,,82,106,,,,,,,,1,,,,,,,0,15,,,,,,,
20200319,6,,,,,,,0,68,,,,,,,0,46,,,,,,,,,,,,,,,0,44,,,,,,,0,924,,,,,,,18,216,,,,,,,2,96,,,,,,,1,39,,,,,,,0,30,,,,,,,0,390,,,,,,,8,287,,,,,,,10,12,,,,,,,,16,,,,,,,,38,,,,,,,,11,,,,,,,,422,,,,,,,4,56,,,,,,,2,34,,,,,,,1,35,,,,,,,1,347,,,,,,,8,229,,,,,,,3,107,,,,,,,1,53,,,,,,,,3392,,,,,,,3,89,,,,,,,,24,,,,,,,1,0,,,,,,,0,50,,,,,,,,12,,,,,,,,97,,,,,,,0,15,,,,,,,0,27,,,,,,,0,39,,,,,,,,742,,,,,,,9,35,,,,,,,,95,,,,,,,1,4152,617,,,,,,12,119,,,,,,,,44,,,,,,,1,88,,,,,,,3,185,,,,,,,1,5,,,,,,,,44,,,,,,,,60,,,,,,,1,11,,,,,,,1,154,,,,,,,,143,,,,,,,3,78,,,,,,,0,94,,,,,,,2,3,,,,,,,,28,,,,,,,,2461,,,,,,,92,155,,,,,,,,2,,,,,,,0,18,,,,,,,
20200320,12,,,,,,,0,81,,,,,,,0,96,,,,,,,,,,,,,,,0,65,,,,,,,0,1063,,,,,,,20,277,,,,,,,3,194,,,,,,,3,71,,,,,,,1,38,,,,,,,0,520,,,,,,,10,420,,,,,,,13,14,,,,,,,,26,,,,,,,,45,,,,,,,,23,,,,,,,,585,,,,,,,5,79,,,,,,,2,44,,,,,,,1,47,,,,,,,1,473,,,,,,,12,314,,,,,,,5,149,,,,,,,1,57,,,,,,,,4027,,,,,,,3,115,,,,,,,,47,,,,,,,1,0,,,,,,,0,80,,,,,,,1,16,,,,,,,,137,,,,,,,0,20,,,,,,,0,32,,,,,,,0,44,,,,,,,,890,,,,,,,11,43,,,,,,,,109,,,,,,,1,7102,1042,,,,,,35,169,,,,,,,1,49,,,,,,,1,114,,,,,,,3,268,,,,,,,1,14,,,,,,,,54,,,,,,,,81,,,,,,,1,14,,,,,,,1,228,,,,,,,,194,,,,,,,5,112,,,,,,,0,114,,,,,,,2,3,,,,,,,,44,,,,,,,2,2764,,,,,,,104,206,,,,,,,3,7,,,,,,,0,19,,,,,,,
20200321,14,,0,,,,,0,124,,,,,,,0,118,,,,,,,,,,,,,,,0,104,,,,,,,1,1279,,,,,,,24,363,,44,,,,,4,194,,,,,,,4,77,,,,,,,1,45,,,,,,,0,658,,158,,,,,12,507,,,,,,,14,15,,,,,,,,37,,,,,,,,68,,,,,,,,31,,,,,,,,753,,,,,,,6,126,,1,,,,,4,55,,,,,,,2,54,,,,,,,2,580,,,,,,,16,426,,61,,,,,7,190,,,,,,,2,73,,,,,,,,4543,,,,,,,5,138,,,,,,,1,73,,,,,,,3,0,,,,,,,0,140,,,,,,,1,20,,,,,,,,184,,,,,,,0,28,,3,,,,,0,38,,,,,,,0,55,,,,,,,,1327,,,,,,,16,57,,,,,,,,124,,,,,,,2,10356,1436,1531,,,,,44,247,,58,,,,,3,53,,10,,,,,1,114,,,,,,,3,371,,,,,,,2,21,,,,,,,,66,,,,,,,,152,,,,,,,1,14,,,,,,,1,371,,,,,,,,304,,,,,,,5,136,,,,,,,0,152,,25,,,,,2,6,,,,,,,,52,,,,,,,2,2958,,,,,,,111,281,,,,,,,4,11,,1,,,,,0,23,,,,,,,
20200322,22,,0,,,,,0,138,,,,,,,0,165,13,,,,,,0,,,,,,,,0,152,,,,,,,2,1536,,,,,,,27,475,56,49,,,,,5,223,43,,,,,,5,98,,,,,,,1,56,,,,,,,0,830,,185,,,,,13,600,,,,,,,23,27,,,,,,,1,48,,,,,,,,90,,,,,,,,42,,,,,,,0,1049,,,,,,,9,201,,1,,,,,6,64,,,,,,,2,99,,,,,,,3,837,,,,,,,20,547,,71,,,,,11,244,,,,,,,3,89,,,,,,,,5098,,,,,,,8,169,,12,,,,,1,90,,,,,,,3,0,,,,,,,0,207,,33,,,,,1,31,,,,,,,,255,,,,,,,0,28,,3,,,,,0,48,,,,,,,0,65,,,,,,,,1914,,,,,,,20,57,,,,,,,,190,,,,,,,2,15168,2043,2354,,,,,114,351,,83,,,,,3,67,,11,,,,,2,161,,43,,,,,4,479,,,,,,,2,23,,,,,,,1,83,,,,,,,,195,,,,,,,3,21,,,,,,,1,505,,,,,,,,334,,,,,,,5,181,,,,,,,1,219,,32,,,,,3,6,,,,,,,,76,,,,,,,2,3141,,,,,,,126,385,,,,,,,4,12,,1,,,,,0,24,,,,,,,
20200323,22,,0,,,,,0,167,,,,,,,0,174,13,,,,,,0,,,,,,,,0,265,,,,,,,2,1733,,,,,,,27,591,74,58,,,,,6,415,54,,,,,,10,116,,,,,,,2,68,,,,,,,0,1171,,217,,,,,14,772,,,,,,,25,29,,,,,,,1,56,,,,,,,,105,,,,,,,,47,,,,,,,0,1273,,,,,,,12,259,,1,,,,,7,82,,,,,,,2,104,,,,,,,3,1172,,,,,,,34,678,,79,,,,,17,288,,,,,,,3,107,,,,,,,,5789,,,,,,,15,235,,17,,,,,1,183,,,,,,,3,0,,,,,,,0,249,,33,,,,,1,34,,,,,,,,297,,,,,,,0,30,,4,,,,,0,50,,,,,,,0,78,,,,,,,,2844,,,,,,,27,65,,,,,,,,245,,,,,,,4,20875,2629,3125,,,,,114,442,,104,,,,,6,81,,15,,,,,2,191,,56,,,,,5,644,,,,,,,6,31,,,,,,,2,106,,,,,,,,298,,,,,,,5,28,,,,,,,1,615,,,,,,,2,352,,,,,,,8,257,,,,,,,1,254,,38,,,,,6,17,,,,,,,,97,,,,,,,5,3604,,,,,,,137,416,,,,,,,5,16,,1,,,,,0,26,,,,,,,
20200324,36,,0,,,,,0,215,,,,,,,0,218,22,,,,,,0,,,,,,,,0,357,,,,,,,5,2102,,,,,,,40,720,116,72,,,,,7,618,71,,,,,,12,137,,,,,,,2,91,,,,,,,0,1412,,259,,,,,18,1026,,,,,,,32,32,5,,,,,,1,77,,4,,,,,,124,,27,,,,,,50,,,,,,,0,1535,,,,,,,16,365,,1,,,,,12,98,,,,,,,2,124,,,,,,,4,1388,271,,,,,,46,1060,,94,,,,,26,349,,,,,,,3,125,,,,,,,,6441,,,,,,,24,262,,21,,,,,1,183,,,,,,,3,0,,,,,,,0,320,,86,,,,,1,46,,,,,,,,398,,,,,,,0,34,,5,,,,,0,52,,,,,,,0,101,,11,,,,,1,3675,,,,,,,44,83,,,,,,,,278,,,,,,,4,25665,3343,4041,,,,,210,564,,145,,,,,8,106,,25,,,,,3,209,,61,,,,,8,851,,,,,,,7,39,,,,,,,2,124,,,,,,,,298,,,,,,,5,30,,,,,,,1,667,,,,,,,2,410,,,,,,,9,299,,,,,,,1,290,,45,,,,,7,17,,,,,,,,125,,,,,,,7,4038,,,,,,,146,457,,,,,,,5,20,,1,,,,,0,29,,,,,,,
20200325,42,,1,,,,,1,283,,,,,,,0,280,22,,,,4,,2,,,,,,,,0,450,,,,,,,6,2355,,,,,,,53,912,152,84,,,,,11,875,113,,,,,,19,183,,,,,,,2,115,11,,,,,,0,1682,,316,,,,,22,1247,,394,,,,,40,37,10,,,,,,1,90,,6,,,,,,145,23,36,,,,,1,73,,,,,,,0,1865,,,,,,,19,477,,1,,,,,14,126,,,,,,,3,157,,,,,,,4,1795,491,,,,163,,65,1739,,103,,,,,33,423,,,,,,,4,149,,,,,,,,7060,,,,,,,43,287,26,35,,,,,1,356,,,,,,,8,0,,,,,,,0,377,,117,,,,,2,53,,,,,,,,504,29,,,,,,1,39,,8,,,,,0,61,,,,,,,0,108,,13,,,,,1,4402,,,,,,,62,100,,,,,,,1,321,,,,,,,6,30811,4079,5126,,,,,285,704,,182,,74,,,10,164,,59,,,,,5,209,,61,,,,,8,1127,,,,,,,11,51,,,,,,,2,132,15,,,,,,,424,,102,,,,,7,41,,,,,,,1,784,,53,,,,,3,974,,,,,,,12,346,,,,,,,1,391,,59,,,,,9,17,,,,,,,,160,,,,,,,8,4477,,,,,,,159,585,,,,,,,7,39,,1,,,,,0,44,,,,,,,
20200326,59,,3,,,,,1,506,,,,,,,1,335,41,,,,13,,3,,,,,,,,0,577,,,,,,,8,3006,,,,,,,65,1086,230,148,,,,,19,1012,125,,,,,,21,231,,,,,,,3,130,13,,,,,,1,2355,,406,,,,,28,1525,,473,,,,,48,45,11,,,,,,1,95,,5,,,,,,179,31,46,,,,,1,123,,,,,,,0,2538,,,,,,,26,645,,,,,,,17,168,,,,,,,3,198,,,,,,,4,2305,676,,,,239,,83,2318,,219,,,,,42,580,,132,,,,,4,155,,,,,,,,7767,,,,,,,60,346,31,41,,,,,2,502,,,,,,,8,0,,,,,,,0,485,,150,,,,,6,71,,1,,,,,,636,29,,,,,,2,52,,10,,,,,0,73,,,,,,,0,137,,19,,,,,1,6876,1080,,,,,,81,112,,,,,,,1,420,,,,,,,10,37258,5327,6921,1290,,,,385,867,,223,,91,,,15,248,,86,,,,,7,327,,90,,,,,11,1687,,,,,,,16,64,,,,,,,2,165,23,,9,,6,,,456,,102,,,,,9,46,,,,,,,1,957,,76,,,,,3,1396,,,,,,,18,402,,,,,,,1,460,,65,,,,,13,17,,,,,,,,185,,,,,,,9,4909,,,,,,,183,707,,,,,,,8,51,,1,,,,,0,53,,,,,,,
20200327,69,,3,,,,,1,587,,,,,,,3,381,48,,,,17,,3,,,,,,,,0,736,,,,,,,13,3879,746,,200,,,,78,1430,278,184,,,,,24,1291,173,,,,,,27,267,,,,,,,3,163,15,,,,,,2,2765,,456,,,,,34,2001,,566,,,,,64,51,13,,,,,,1,106,,7,,,,,,235,32,50,,,,,3,189,,,,,,,3,3026,,,,,,,34,981,,,,,,,24,202,,27,,,,,4,248,,,,,,,6,2746,773,,,,270,,119,3151,,219,,,,,57,774,,173,,,,,5,168,,,,,,,1,8659,,,,,,,92,398,34,51,,17,,,4,669,,,,,,,8,0,,,,,,,0,579,,185,,,,,8,108,,7,,,,,,763,77,,,,,,3,65,,13,,,,,0,85,,,,,,,0,158,,25,,,,,1,8825,2000,,,,,,108,136,,,,,,,1,535,,,,,,,10,44635,6481,8732,1583,,,,519,1137,,276,,107,,,19,322,,105,,,,,8,414,91,102,,,31,,12,2218,,241,,,,,22,79,,,,,,,3,203,28,,9,,6,,,456,,102,,,,,9,58,,,,,,,1,1203,,103,,,,,6,1731,,,,,,,23,480,,,,,,,2,604,,83,,,,,14,19,,,,,,,,213,,18,,,,,10,5359,,,,,,,199,842,,,,,,,13,76,,1,,,,,0,70,,11,,,,,0
20200328,85,,5,,,,,2,696,,,,,,,3,404,48,,,,17,,5,,,,,,,,0,873,,,,,,,15,4643,1034,,410,,,,101,1734,307,239,,,,,31,1291,173,,,,,,27,304,,,,,,,4,214,31,,,,,,3,3763,,526,,,,,54,2366,,617,,,,,69,55,15,,,,,,1,120,,8,,,,,,298,46,61,,,,,3,230,,25,,,,,4,3491,,,,,,,47,1232,,,,,,,31,261,,27,,,,,5,302,,,,,,,8,3315,927,,,,336,,137,4158,,350,,,,,72,992,,226,,,,,5,211,,,,,,,1,9287,,,,,,,92,441,30,57,,17,,,5,838,,,,,,,10,2,,,,,,,,663,,219,,,,,13,129,,7,,,,,1,935,87,,,,,,4,83,,16,,,,,1,96,,,,,,,2,187,,30,,,,,2,11124,2000,,,,,,140,191,17,,,,,,1,621,,,,,,,10,52318,7328,10454,1755,,,,728,1406,,344,,123,,,25,377,,126,,,,,15,479,107,117,,,31,,13,2751,,316,,,,,34,100,,,,,,,3,239,29,,9,,6,,,539,,102,,,,,13,68,,,,,,,1,1373,,118,,,,,6,2052,,,,,,,27,602,,,,,,,2,739,,99,,,,,17,22,,,,,,,,234,,18,,,,,12,5642,,,,,,,220,989,,,,,,,13,96,,1,,,,,0,82,,14,,,,,0
20200329,102,,6,,,,,2,806,,,,,,,4,426,43,,,,16,,6,,,,,,,,0,919,,,,,,,17,5708,1034,,410,,,,123,2061,332,274,,,,,44,1993,404,,,,,,34,342,,,,,,,5,232,33,,,,,,6,4246,,594,,,,,56,2651,,666,,,,,80,56,15,,,,,,1,151,,12,,,,,,336,51,68,,,,,4,261,,36,,,,,5,4596,,,,,,,65,1514,,,,,,,32,319,,55,,,,,6,394,,,,,,,9,3540,1127,,,,380,,151,4856,,399,,,,,99,1239,,277,,,,,10,253,,,,,,,3,10010,,,,,,,132,503,39,75,,17,,,9,838,,,,,,,10,2,,,,,,,,758,,235,,,,,14,154,,8,,,,,1,1040,91,,,,,,4,98,,17,,,,,1,108,,,,,,,2,214,,33,,,,,2,13386,2000,,,,,,161,237,19,,,,,,2,738,,,,,,,14,59513,8503,12695,2037,,,,965,1653,,403,,139,,,29,429,,140,,,,,16,548,107,129,,,37,,13,3394,,353,,,,,38,127,,,,,,,5,294,35,,9,,6,,3,774,,102,,,,,16,90,,,,,,,1,1537,,133,,,,,7,2552,,,,,,,34,719,,,,,,,2,890,,112,,,,,22,23,,,,,,,,256,,18,,,,,12,5880,,,,,,,237,1112,,,,,,,13,113,,1,,,,,0,86,,15,,,,,0
20200330,114,,7,,,,,3,859,,,,,,,6,473,62,,,,21,,7,,,,,,,,0,1157,,,,,,,20,6447,1432,,597,,,,133,2627,358,414,,,,,51,2571,517,,,,,,36,401,,,,,,,9,264,45,,,,,,6,5473,,652,,,,,63,2809,,707,,,,,87,58,19,,2,,,,1,175,,12,,,,,,424,51,74,,,,,6,310,,39,,,,,6,5057,,,,,,,73,1786,,,,,,,35,368,,66,,,,,8,439,,,,,,,9,4025,1185,,,,385,,185,5653,,453,,,,,124,1413,,353,,,,,15,275,,49,,,,,3,10901,,,,,,,184,576,56,92,24,24,,,10,1031,,,,,,,13,2,,,,,,,,847,,195,,,,,16,171,,10,,,,,4,1307,137,,,,,,6,109,,19,,,,,2,145,,,,,,,2,314,,45,,,,,3,16636,2000,,,,,,198,237,22,,,,,,2,1008,,,,,,,15,66497,9517,14578,2352,,,,1218,1933,,475,,163,,,39,481,,153,103,,,,17,606,132,140,,,39,,16,4087,,386,,,,,49,174,,,,,,,6,402,41,,9,,6,,4,925,,102,,,,,18,101,,,,,,,1,1834,,148,,,,,13,2877,,,,,,,34,806,,,,,,,4,1020,,136,,,,,25,30,,,,,,,,293,,18,,,,,12,6441,,,,,,,248,1221,,,,,,,14,126,,1,,,,,1,94,,17,,,,,0
20200331,119,,7,,,,,3,981,,,,,,,13,523,64,,,,23,,8,0,,,,,,,0,1289,,,,,,,24,7482,1617,,657,,,,153,2627,503,414,,,,,51,3128,608,,,,,,69,495,,,,,,,9,319,57,,,,,,10,6338,,823,,,,,77,3929,,833,,,,,111,69,19,,2,,,,2,204,,12,,6,,,,497,61,94,,,,,7,415,,45,,6,,,7,5994,,,,,,,99,2159,,,,,,,49,428,,79,,,,,9,480,,,,,,,11,5237,1355,,,,438,,239,6521,,562,,,,,153,1660,,429,,,,,18,303,,57,,,,,5,11875,,,,,,,259,629,56,112,26,26,,,12,1327,,,,,,,14,2,,,,,,,,937,,211,,,,,20,184,,14,,,,,4,1498,157,,,,,,8,126,,21,,,,,3,172,,,,,,,3,314,,45,,,,,3,18696,2000,,,,,,267,281,22,,,,,,4,1113,,,,,,,17,75795,10929,17085,2710,,,,1550,2199,,585,,198,,,55,565,,177,83,,,,23,690,132,154,,,40,,18,4843,,514,,,,,63,239,,,,,,,8,489,59,,9,,6,,8,1083,,102,,,,,22,108,,12,,,,,1,2239,,175,,,,,23,3266,196,,,,,,41,887,,73,,,,,5,1250,,165,,,,,27,30,,,,,,,,320,21,36,,,,,13,6908,,,,,,,262,1351,,337,,,,,16,162,,1,,,,,1,109,,17,,,,,0
20200401,133,,9,,,,,3,1077,,,,,,,26,584,56,90,,,25,32,10,0,,,,,,,0,1413,,,,,,,29,8155,1855,,774,,,,171,2966,574,509,,,,,69,3557,766,,,,,,85,586,,,,,,,11,368,51,,,,,,11,6955,,949,,,,,87,4638,,952,,,,,139,77,19,,2,,,,3,208,,13,,6,,,1,549,63,99,,,,,9,525,,46,,7,,,9,6980,,,,,,,141,2565,,,,,,,65,482,,114,,,,,10,591,,,,,,,17,6424,1498,,,,490,,273,7639,,682,,,,,187,1985,,522,,,,,31,344,,63,,,,,7,12888,,,,,,,337,689,54,122,27,27,,,17,1581,,,,,,,18,6,,,,,,,,1073,,332,,,,,22,208,,17,,,,,5,1584,204,,,,,,10,142,,23,,,,,3,210,,,,,,,4,415,,56,,,,,4,22255,2000,,,,,,355,315,24,,,,,,5,1279,,,,,,,26,83712,12226,19929,3022,,,,1941,2547,,679,,222,,,65,719,174,219,98,,,,30,736,132,154,,,40,,18,5805,,620,,,,,74,286,,,,,,,11,566,60,,14,,6,,10,1293,,102,,,,,26,129,,12,,,,,2,2683,,200,,,,,24,3997,196,,,,,,58,1012,,91,,,,,7,1484,,305,,145,,108,34,30,,,,,,,,359,30,45,,,,,16,7354,,,,,,,282,1550,,398,,,,,24,191,,1,,,,,1,130,,18,,,,,0
20200402,143,,9,,,,,3,1233,,,,,,,32,643,66,100,,,23,32,12,0,,,,,,,0,1598,,,,,,,32,9191,1922,,816,,,,203,3342,698,620,,,,,80,3824,827,,,,,,112,653,,,,,,,12,393,56,,,,,,12,8010,,1123,,,,,128,5348,,1056,,,,,163,82,19,,2,,,,3,258,,15,,6,,,1,614,74,120,,,,,11,669,,49,,7,,,9,7695,,,,,,,157,3039,,,,,,,78,552,,138,,,,,13,680,,,,,,,20,9150,1639,,,,507,,310,8867,,813,,,,,229,2331,,582,,,,,36,376,,68,,,,,7,14117,,,,,,,417,742,75,138,38,38,,,18,1834,,,,,,,19,8,,,,,,,1,1177,,360,,,,,26,227,,20,,,,,5,1857,184,,,,,,16,159,,28,,,,,3,246,,,,,,,5,415,,58,,,,,4,25590,2000,,,,,,537,363,31,,,,,,6,1458,,,,,,,38,92381,13383,22786,3396,,,,2373,2902,,802,,260,,,81,879,182,257,144,,,,34,826,134,188,,,38,,21,7016,,730,,,,,90,316,,,,,,,12,657,72,,14,,6,,12,1554,,241,,,,,31,165,,17,,,,,2,2845,,263,,,,,32,4669,196,,,,,,70,1074,,100,,,,,7,1706,246,305,,145,,108,41,33,,,,,,,,390,29,45,,,,,17,7758,,,,,,,310,1730,,461,,,,,31,217,,1,,,,,2,150,,19,,,,,0
20200403,157,,15,,,,,3,1432,,,,,,,35,704,71,105,,,26,39,12,0,,,,,,,0,1769,,,,,,,41,10701,2188,,901,,,,237,3728,739,710,,,,,97,4914,909,,,,,,131,757,,,,,,,15,450,63,,,,,,14,9585,,1287,,,,,163,5831,,1158,,,,,184,84,19,,2,,,,4,285,,15,,6,,,2,699,80,138,,,,,11,891,,56,,7,,,9,8904,,,,,,,210,3437,,,,,,,102,620,,151,,,,,17,770,,,,,,,31,10297,1707,,,,535,,370,10303,,966,,,,,265,2758,,664,,,,,42,432,,75,,,,,9,15252,,,,,,,479,789,86,156,40,40,,,22,2113,,,,,,,19,8,,,,,,,1,1358,,420,,,,,29,243,,24,,,,,5,2093,184,,,,,,19,173,,29,,,,,3,279,,,,,,,6,479,,73,,,,,5,29895,3016,,,,,,646,403,31,,,,,,7,1514,,,,,,,43,102863,14810,26210,3731,,,,2935,3312,,895,,288,,,91,988,171,289,123,,,,38,899,188,204,,,38,,22,8420,,852,,,,,102,378,,,,,,,15,709,77,,14,,6,,14,1554,,241,,,,,31,187,,17,,,,,2,3067,,293,,,,,37,5330,196,,,,,,90,1246,,106,,,,,7,2012,,312,,145,,108,46,38,,,,,,,,460,29,45,,,,,17,8167,,,,,,,338,1912,,487,,,,,37,237,,1,,,,,2,162,,21,,,,,0
20200404,171,,16,,,,,5,1580,,212,,,,,43,743,72,106,,,23,39,14,0,,,,,,,0,2019,,,,,,,52,12026,2300,,1008,,,,276,4173,777,823,,,,,111,5276,1033,,,,,,165,902,,,,,,,21,593,95,,,,,,14,11111,,1462,,,,,191,6160,,1239,,,,,201,93,20,,2,,,,4,319,,18,,6,,,3,786,85,153,,,,,14,1013,,62,,8,,,10,10357,,,,,,,243,3953,,,,,,,116,698,,172,,,,,21,831,,,,,,,37,12496,1726,,,,571,,409,11637,1370,1370,,,,,304,3125,,821,,,,,53,456,,83,,,,,10,16395,,,,,,,540,865,95,180,42,69,,,24,2291,413,,,,,,24,8,,,,,,,1,1455,,436,,,,,35,265,,24,,,,,5,2402,271,,,,,,24,186,,30,,,,,3,321,,,,,,,6,540,,80,,,,,7,34124,4000,,,,,,846,495,41,,,,18,,10,1742,,,,,,,46,113704,15905,29471,4126,,,,3565,3739,,1006,,326,,,102,1159,,316,,,,,42,999,,239,,,38,,26,10017,,1004,,,,,136,452,,,,,,,18,806,93,,31,,6,,17,1917,,241,,,,,40,212,,19,,,,,2,3321,,311,,,,,43,6110,196,,,,,,105,1428,,117,,,,,8,2407,,390,,145,,108,52,40,,,,,,,,512,29,45,,,,,20,8375,574,,174,,,,365,2112,,588,,,,,56,282,,,,,,,2,187,,23,,,,,0
20200405,185,,20,,,,,6,1796,,231,,,,,45,830,67,130,,,27,39,16,0,,,,,,,0,2269,,,,,,,64,13438,2398,,1040,,,,319,4565,783,875,,,,,126,5675,1142,,,,,,189,998,,,,,,,22,673,101,,,,,,14,12151,,1572,,,,,218,6647,,1283,,,,,211,112,21,,2,,,,4,351,,19,,6,,,4,868,91,165,,,,,22,1077,,66,,11,,,10,11256,,,,,,,274,4411,,,,,,,127,747,,183,,,,,22,917,,,,,,,40,13010,1803,,,,561,,477,12402,1632,1632,,,,,370,3609,,936,,,,,67,470,,86,,,,,10,17567,,,,,,,617,935,106,202,48,77,,,29,2367,424,,,,,,34,8,,,,,,,1,1638,,475,,,,,43,286,,24,,,,,6,2585,261,,,,,,31,207,20,31,,,,,3,363,,,,,,,8,621,,86,,,,,9,37505,4000,,,,,,917,543,37,,,,18,,11,1836,,,,,,,46,122031,16479,32293,4376,,,,4159,4043,,1104,,346,,,119,1252,,330,,,,,46,1068,,258,,,40,,27,11510,,1072,,,,,150,475,,,,,,,20,922,103,,33,,6,,25,2049,,241,,,,,44,240,,22,,,,,2,3633,,328,,,,,44,6812,827,,,,,,127,1605,,124,,,,,8,2637,,431,,145,,108,51,42,,,,,,,1,543,29,45,,,,,22,8544,581,,178,,,,386,2267,,624,,175,,,68,324,,,,,,,3,197,,23,,,,,0
20200406,191,,23,,,,,6,1968,,240,,,,,50,875,74,137,,,22,39,16,0,,,,,,,0,2456,,,,,,,65,14336,2509,,1085,,,,343,4950,786,924,,,,,140,6906,1221,,,,,,206,1097,,,,,,,24,673,101,,,,,,14,13324,,1682,,,,,236,7314,,1332,,,,,229,113,21,,2,,,,4,371,,21,,6,,,4,946,99,179,,,,,25,1101,,77,,16,,,10,12262,,,,,,,307,4944,,,924,,507,,139,845,,198,,,,,25,955,,,,,,,45,14867,1981,,,,552,,512,13739,1667,1667,,,,,448,4045,,1059,,,,,91,499,,92,,,,,10,18850,,,,,,,727,986,115,223,57,90,,,30,2722,439,,,,,,39,8,,,,,,,1,1738,,475,,,,,51,299,,24,,,,,6,2870,270,,,,,,33,225,19,32,,,,,3,409,,,,,,,8,669,,92,,,,,9,41090,6390,,,,1263,,1003,624,45,,,,18,,12,1953,,,,,,,46,130689,16837,34377,4504,,,,4758,4450,,1214,,371,,,142,1327,161,340,143,,,,51,1132,,258,,,40,,27,12980,,1145,,,533,,162,513,,,,,,,21,1082,109,,37,,26,,27,2049,,241,,,,,44,288,,23,,,,,4,3802,,352,,,,,65,7276,1153,,,,,,140,1675,,138,,,,,13,2878,,497,,145,,108,54,43,,,,,,,1,575,28,45,,,,,23,8937,638,,191,,NaN,,407,2440,,668,,186,,,77,345,,,,,,,4,210,,23,,,,,0
20200407,213,,23,,,,,6,2119,,271,,,,,56,946,74,148,,,26,43,16,0,,,,,,,0,2575,,,,,,,73,15865,2611,,1108,,,,374,5172,786,994,,,,,150,7781,1308,,,,,,277,1211,,,,,,,22,928,147,,,,,,16,14747,,1999,,,,,296,8818,,1774,,,,,329,121,21,,2,,2,,4,387,,26,,6,,,5,1048,104,193,,,,,26,1170,,83,,21,,,13,13549,3680,,1166,,821,,380,5507,,,924,,507,,173,900,,223,,,,,27,1008,,,,,,,59,16284,1996,,,,519,,582,15104,1831,1831,,,,,515,4371,,1106,,,,,103,519,,99,,,,,12,19823,,,,,,,845,1069,120,242,64,100,,,34,3037,508,,,,,,53,8,,,,,,,2,1915,,377,,,,,59,319,,28,,,,,6,3221,354,,,,,,46,237,18,33,,,,,4,447,,,,,,,10,715,,103,,,,,9,44416,7017,,1651,,1540,,1232,686,48,,,,18,,12,2087,282,,,,,,58,138863,17493,36932,4593,,,,5489,4782,,1354,,417,,,167,1472,186,376,137,,,,67,1181,,324,,,69,,33,14559,1665,,,,548,,240,573,,,,,,,23,1230,123,,40,,26,,30,2417,,241,,,,,51,320,,23,,,,,6,4138,,408,,,,,72,8262,1252,,,,,,154,1738,,148,,,,,13,3333,,563,,145,,108,63,43,,,,,,,1,608,29,45,,,,,23,9346,641,,190,,NaN,,429,2578,,745,,200,,,92,412,,,,,,,4,216,,33,,,,,0
20200408,226,,27,,,,,7,2369,,314,,,,,66,1000,76,130,,43,30,39,18,0,,,,,,,0,2726,,,,,,,80,16957,2714,,1154,,,,442,5429,833,1079,,,,,179,7781,1308,,,,,,277,1440,,,,,,,27,928,147,,,,,,16,15455,,2062,,,,,309,9901,,1993,,,,,362,125,21,,2,,2,,4,410,,42,,6,,,5,1145,122,193,,,,,27,1210,,93,,24,,,15,15078,3680,,1166,,821,,462,5943,,,924,,507,,203,1046,,223,,,,,38,1149,,,,,,,65,17030,1983,,,,490,,652,16692,2119,2119,,,,,615,5529,,1210,,,,,124,537,,101,,,,,14,20589,,,,,,,959,1154,135,271,64,105,,,39,3327,519,,,,,,58,11,,,,,,,2,2003,,410,,,,,67,332,,31,,,,,6,3426,386,,,,,,53,251,16,34,,,,,4,519,,,,,,,12,788,,118,,,,,18,47437,7026,,1617,,1576,,1504,794,51,,,,18,,13,2318,282,,,,,,71,149316,18079,39982,4593,,,,6268,5148,,1495,,472,,,193,1524,188,390,120,,,,79,1239,156,324,61,,58,69,33,16239,1898,,,,603,,309,620,,,,,,,24,1450,143,,45,,26,,35,2552,,241,,,,,63,393,,26,,,,,6,4362,,449,,,,,79,9353,1491,,,,,,177,1846,,158,,,,,13,3645,,615,,145,,108,75,45,,,,,,,1,631,35,50,,,,,23,9687,655,,186,,NaN,,443,2756,,790,,218,,,99,462,,,,,,,4,221,,33,,,,,0
20200409,235,,27,,,,,7,2769,,333,,,,,74,1119,73,130,,43,31,39,21,0,,,,,,,0,3018,,,,,,,89,18309,2825,,1132,,,,492,5655,848,1162,,,,,193,9784,1464,,,,,,380,1523,,,,,,,32,1207,201,,,,,,23,16364,,2268,,,,,354,10566,,2159,,,,,379,128,14,,2,,2,,4,435,,42,,6,,,5,1270,122,,,,,,29,1232,,113,,29,,,18,16422,3680,,1166,,821,,528,6351,,,924,,507,,245,1106,,263,,,,,42,1346,,,,,,,73,18283,2014,,,,473,,702,18843,2302,2302,,,,,725,6185,,1348,,,,,138,560,,105,,,,,16,21504,3826,,1628,,1434,,1076,1242,145,293,63,119,,,50,3539,568,,,,,,77,11,,,,,,,2,2260,,441,,,,,76,354,13,36,,,,,6,3651,398,,,,,,65,269,14,34,,,,,5,567,,,,,,,14,788,,118,,,,,18,51027,7363,,1523,,1551,,1700,865,59,,,,18,,16,2456,282,,,,,,80,159937,18279,42852,4925,,,,7067,5512,,1612,,497,,,213,1684,188,415,120,,,,80,1321,146,326,66,,54,,44,18228,2051,,,,592,,338,683,,,,,,,33,1727,160,,45,,26,,43,2792,,241,,,,,67,447,,27,,,,,6,4634,,505,,,,,94,10230,1439,,,,,,199,1976,,168,,,,,13,4042,669,685,469,,285,,109,46,,,,,,,1,680,33,,,,,,23,10049,650,,191,,NaN,,459,2885,,843,,230,,,111,523,,,,,,,5,230,,34,,,,,0
20200410,246,,28,,,,,7,2968,,368,,,,,80,1171,86,130,,43,33,39,23,0,,,,,,,0,3112,,,,,,,97,19472,2897,,1145,,,,541,6510,842,1312,,,,,250,10538,1562,,,,,,448,1660,,,,,,,38,1326,181,,,,,,23,17531,,2487,,,,,390,11483,,2351,,,,,416,130,14,,2,,2,,4,442,,42,,6,,2,6,1388,125,,55,,30,,31,1353,,127,,33,,,24,17887,3680,,1166,,821,,596,6907,,,820,,497,,300,1166,,274,,,,,50,1693,271,459,105,177,,,90,19253,2054,,,,479,,755,20878,2435,2435,,,,,832,6968,,1413,,,,,171,586,,111,,,,,17,22783,3823,,1663,,1394,,1281,1336,143,317,64,131,,,57,3799,568,,,,,,96,11,,,,,,,2,2469,,482,,,,,82,365,29,41,,,,,6,3908,423,,,,,,74,278,13,36,,,,,6,635,,,,,,,15,819,,124,,,,,21,54588,7570,,1679,,1663,,1932,1091,73,,,,18,,19,2584,282,,,,,,86,170512,18569,45768,4908,,,,7844,5878,,1755,,548,,,231,1794,186,428,122,,,,88,1321,146,326,66,,54,,44,19979,2072,,,,611,,416,725,,,,,,,39,2015,169,,45,,26,,49,3065,,496,,,,,72,536,,29,,,,,6,4862,,536,,,,,98,11671,1532,,,,,,226,2102,,183,,,,,17,4509,1238,772,457,,287,,121,50,3,,,,,,1,713,32,,,,,,24,10350,642,,191,,NaN,,476,3068,,904,190,247,,,128,554,85,,20,,22,,5,253,,37,,,,,0
20200411,257,,31,,,,,8,3191,,402,,177,,113,91,1226,86,130,,43,33,39,24,0,,,,,,,,3393,,,,,,,108,20615,5236,,1591,,,,609,6510,841,1312,,,,,250,11510,1593,,,,,,494,1778,,,,,,,47,1479,190,,,,,,33,18494,,2661,,,,,438,12159,,2479,,,,,428,133,14,,2,,2,,5,465,,43,,6,,2,8,1510,118,,55,,30,,34,1396,,128,,35,,,25,19180,3680,,1166,,821,,677,7435,,,820,,497,,330,1268,,293,,,,,55,1693,271,459,105,177,,,90,20014,2067,,,,470,,806,22766,2507,2507,,,,,946,7694,,1709,,,,,206,616,,114,,,,,19,23993,3636,,1582,,1441,,1392,1427,145,340,69,138,,,64,4024,506,,,,,,109,11,,,,,,,2,2642,,528,,,,,93,377,21,46,,,,,6,4312,362,,,,,,80,293,10,36,,,,,7,700,,,,,,,17,885,,134,,,,,22,58151,7618,,1746,,1650,,2183,1091,75,,,,18,,19,2700,282,,,,,,102,180458,18654,48297,5009,,,,8627,6250,,1859,,572,,,247,1868,383,446,191,,,,94,1371,140,338,58,,46,,48,21655,2115,,,,639,,494,788,,,,,,,42,2349,183,,50,,26,,56,3207,,496,,,,,80,626,,33,,,,,6,5114,,556,,,,,101,12561,1514,,,,,,254,2206,,190,,,,,18,5077,1252,,426,,283,,130,51,3,,,,,,1,733,77,,,,,,25,10504,649,,191,,NaN,,494,3213,444,950,179,257,,,137,577,85,,40,,22,,5,261,,37,,,,,0
20200412,272,,31,,,,,8,3525,,437,,189,,119,93,1280,74,130,,43,30,39,27,0,,,,,,,,3539,,,,,,,115,21794,5234,,1539,,,,651,6893,822,1376,,,,,274,12035,1654,,,,,,554,1875,,,,,,,50,1479,190,,,,,,33,19355,,2772,,,,,465,12452,,2505,,,,,433,133,13,,2,,2,,5,486,,44,,6,,2,8,1587,129,,55,,30,,41,1407,,131,,38,,,27,20852,3680,,1166,,821,,720,7928,,,820,,497,,343,1337,,298,,,,,56,1840,271,459,105,177,,,94,20595,2084,,,,458,,840,25381,2514,2514,,,,,1056,8225,,1860,,,,,235,633,,120,,,,,19,24638,3636,,1582,,1441,,1487,1621,157,361,74,146,,,70,4160,988,,,,,,110,11,,,,,,,2,2781,,548,,,,,96,387,22,47,,,,,6,4520,331,,,,,,81,308,12,39,,,,,8,791,,,,,,,17,929,,146,,,,,23,61850,7604,,1914,,1644,,2350,1174,78,,,,18,,20,2836,282,,,,,,112,188694,18707,50919,5198,,,,9385,6604,,1948,,595,,,253,1970,383,446,191,,,,96,1527,295,359,81,,52,,52,22833,2097,,,,649,,507,897,,,,,,,44,2665,201,,50,,26,,63,3319,,496,,,,,82,730,,43,,,,,6,5308,,567,,,,,101,13484,1338,,,,,,271,2303,,195,,,,,18,5274,751,,440,,294,,141,51,3,,,,,,1,754,34,,,,,,27,10588,642,,191,,NaN,,509,3341,442,974,179,261,,,144,611,81,,36,,24,,8,261,,40,,,,,0
20200413,277,,32,,,,,8,3734,,457,,189,,119,99,1410,74,130,,43,28,39,30,0,,,,,,,,3702,525,,286,,195,,122,22348,3015,,1178,,,,687,7684,842,1472,,,,,304,13381,1760,,,,,,602,1955,295,,95,,31,,53,1625,201,,,,,,35,20601,,2833,,,,,483,13315,,2589,,,,,464,133,12,,2,,2,,5,499,,44,,6,,2,9,1710,142,,70,,41,,43,1426,,132,,38,,,27,22025,3680,,1166,,821,,794,8236,,,740,,459,,350,1376,,309,,,,,62,1963,289,667,136,256,,,97,21016,2134,,,,461,,884,26794,3485,3485,,,,,1211,8936,,1975,,,,,262,698,22,124,,,,,19,25635,3986,,1570,,1365,,1602,1650,157,361,74,146,,,70,4388,988,,,,,,114,11,,,,,,,2,2942,,549,124,,84,,98,394,21,47,,,,,7,4816,313,,,,,,86,331,13,40,,,,,8,814,,,,,,,17,985,,152,,,,,23,64584,7781,,1886,,1611,,2443,1245,80,,,,,,26,2971,,,,,,,114,195031,18825,52936,5156,,,,10056,6975,,2033,,613,,,274,2069,383,457,191,,,,99,1584,321,369,96,,50,,53,24199,2243,,,,669,,524,903,,,,,,,45,2976,197,331,50,,26,,73,3319,,496,,,,,82,868,,44,,,,,6,5610,,579,,,,,109,13906,1176,,,,,,287,2363,,201,,,,,18,5747,1238,,428,,302,,149,51,,,,,,,1,761,33,,,,,,28,10943,527,,166,,NaN,,526,3428,442,993,175,264,,,154,626,95,164,43,73,23,50,9,275,,41,,,,,1
20200414,285,,32,,,,,9,3876,,493,,210,,132,110,1480,81,130,,43,29,39,30,0,,,,,,,,3806,580,,286,,216,,131,23338,5163,,1552,,,,758,7691,888,1493,,,,,308,13989,1779,,,,,,671,2058,295,,95,,31,,67,1761,204,,,,,,41,21367,,3060,,,,,537,14223,,2769,,,,,501,133,13,,2,,2,,5,504,,44,,,,,9,1899,163,,73,,41,,49,1453,,135,,38,,,33,23247,4283,,1189,,796,,868,8527,,,721,,435,,388,1426,,327,,,,,69,2048,299,673,136,259,,,104,21518,1977,,,,436,,1013,28109,3616,3616,,,,,1329,9472,,2122,,,,,302,734,58,124,21,,9,,20,27001,3910,,1497,,1235,,1768,1695,177,405,75,155,,,79,4686,1041,,,,,,133,13,,,,,,,2,3087,,596,154,,99,,111,399,24,50,,,,,7,5024,418,,,,,,108,341,13,42,,,,,9,871,,,,,,,18,1020,72,152,,,,,23,68824,8185,,2051,,1626,,2805,1345,87,181,,,,,31,3088,,,,,,,120,202208,18697,54653,5225,,,,10834,7280,,2156,,654,,,324,2184,194,488,107,,,,108,1633,311,381,88,,44,,55,25345,2317,,,,675,,584,923,,,,,,,45,3251,213,331,48,,,,80,3553,,675,,,,,97,988,,45,,,,,6,5823,,633,,,,,124,14624,1409,,,,,,318,2412,,213,,,,,19,6171,1282,,422,,276,,154,51,,,,,,,1,770,64,,,,,,29,11234,387,,98,,NaN,,542,3555,432,1049,161,283,,,170,640,87,164,38,73,25,50,9,275,,43,,,,,1
20200415,293,,34,,,,,9,4113,,525,,219,,134,121,1569,83,130,,43,26,39,33,0,,,,,,,,3962,590,,286,,202,,142,24424,5163,,1175,,,,821,7941,878,1556,,,,,329,14755,1908,,,,,,868,2197,313,,105,,79,,72,2014,208,,,,,,46,22511,,3344,,,,,609,14987,,2922,,,,,552,133,9,,2,,2,,5,517,,45,,,,,9,1995,171,,78,,43,,53,1464,,141,,43,,,39,24593,4283,,1189,,796,,948,8955,,,737,,422,,436,1494,,342,,,,,76,2210,305,687,137,263,,,115,21951,1943,,,,425,,1103,29970,3637,3637,973,,,,1502,10032,,2231,,,,,413,770,48,126,22,,9,,24,28059,3918,,1468,,1212,,1921,1809,197,445,93,175,,,87,4895,1024,,,,,,147,13,,,,,,,2,3360,,645,154,,99,,122,404,21,51,,,,,7,5123,431,,,,,,117,365,13,44,,,,,9,901,,,,,,,20,1139,70,178,,,,,32,71030,8270,,1980,,1705,,3156,1407,87,181,,,,,36,3211,,,,,,,131,213779,18535,56968,5225,,,,11586,7791,,2237,,677,,,361,2263,194,510,107,,,,123,1663,305,401,95,,43,,58,26490,2395,,,,668,,647,974,,,,,,,51,3529,229,331,54,,44,,87,3656,,675,,,,,107,1168,,51,,,,,6,6079,,663,,,,,135,15492,1538,,,,,,364,2542,,221,,,,,20,6500,1298,1048,394,,234,,195,51,,,,,,,1,779,63,,,,,,30,11558,645,,194,,NaN,,551,3721,406,1091,163,290,,,182,702,82,164,36,73,23,50,10,287,,43,,,,,2
20200416,300,,35,,,,,9,4345,,553,,227,,137,133,1620,85,,,,21,,37,0,,,,,,,,4234,578,,278,,188,,150,26182,5031,,1568,,,,890,8280,859,1636,,,,,357,15884,1926,,,,,,971,2350,313,,105,,79,,81,2075,209,,,,,,52,22897,,3460,,,,,646,15669,,3108,,,,,587,133,9,,,,,,5,530,,45,,,,,9,2141,175,,84,,48,,60,1587,,143,,46,,,41,25733,4423,,1248,,797,,1072,9542,,,696,,426,,477,1588,,359,,,,,80,2291,412,807,252,367,,,122,22532,1914,,,,396,,1156,32492,3726,3726,973,,,,1667,10784,,2451,,,,,459,796,47,130,20,,7,,27,29263,3809,,1447,,1211,,2093,1912,213,475,103,188,,,94,5111,1043,,,,,,152,13,,,,,,,2,3624,,682,154,,99,,129,415,21,52,,,,,7,5465,452,,,,,,131,393,14,45,,,,,9,952,,,,,,,21,1139,70,178,,,,,32,75317,8224,,2014,,1645,,3518,1484,90,215,,,,,36,3321,,,,,,,137,222284,17735,59052,5091,,,,12192,8414,,2331,,707,,,389,2357,236,528,163,,,,131,1736,307,414,89,,43,,64,27735,2512,,,,675,,707,1043,,,,,,,56,3838,245,331,61,,43,,105,3656,,675,,,,,107,1311,,55,,,,,7,6262,,691,,,,,141,16455,1459,,,,,,393,2683,,238,,,,,21,6889,1337,1114,427,,238,,208,51,,,,,,,1,792,58,,,,,,35,11862,595,,196,,NaN,,571,3875,394,1121,147,299,,,197,739,85,,34,,24,,13,296,19,43,,,,,2
20200417,309,,36,,,,,9,4530,,594,,247,,148,144,1695,83,,,,21,,37,0,,,,,,,,4507,566,,285,,178,,169,27528,4892,,1484,,,,985,8675,858,1693,,,,,374,16809,1946,,,,,,1036,2476,313,,105,,79,,86,2323,224,,,,,,61,24119,,3665,,,,,699,17194,,3324,,,,,650,133,6,,2,,,,5,541,,45,,,,,9,2332,183,,88,,52,,64,1609,,148,,51,,,41,27575,4454,,1196,,777,,1134,10154,,,638,,417,,519,1705,,375,,,,,84,2429,477,971,333,506,,,129,23118,1868,,,,363,,1213,35125,3756,3756,987,,,,1822,11572,,2612,,,,,494,827,55,133,28,,8,,29,30023,3674,,1428,,1167,,2227,2071,223,518,106,202,,,111,5283,1043,,,,,,165,13,,,,,,,2,3793,,736,154,,99,,140,422,21,54,,,,,8,5859,429,,,,,,152,439,16,47,,,,,9,1066,,,,,,,24,1287,74,190,,,,,37,78467,8011,,1961,,1594,,3840,1597,90,230,,,,,44,3524,,,,,,,142,229642,17116,61120,5059,,,,12822,9107,,2424,,740,,,418,2465,325,528,155,,,,136,1785,301,427,69,,41,,70,29441,2603,,,,661,,756,1068,,,,,,,58,4177,252,331,62,,43,,118,3931,,675,,,,,109,1411,,63,,,,,7,6589,,711,,,,,142,17371,1522,,,,,,428,2805,,244,,,,,23,7491,1308,1221,400,,224,,231,51,,,,,,,2,802,32,,,,,,35,12203,622,,195,,NaN,,585,4045,361,1153,141,306,348,,205,754,85,,34,,24,,13,296,19,43,,,,,2
20200418,314,39,36,,,,,9,4655,,620,,247,,148,146,1739,86,291,,,22,57,38,0,,,,,,,,4719,566,,285,,178,,177,28963,4936,,1490,,,,1072,9047,843,1755,,,,,391,16809,1946,,,,,,1036,2666,313,,105,,79,,91,2323,224,,,,,,61,25269,,3842,,,,,754,17669,,3420,,,,,673,133,6,,2,,,,5,553,,48,,,,,9,2513,193,,84,,51,,74,1655,,151,,53,,,43,29160,4340,,1192,,740,,1259,10641,,,663,,360,,545,1790,,383,,,,,86,2522,360,1008,227,514,,,137,23580,1761,,,,347,,1267,37527,3728,3728,987,,,,1983,12308,,2757,,,,,534,847,49,136,20,,12,,32,30791,3634,,1423,,1203,,2308,2213,239,561,111,215,,,121,5517,875,,,,,,175,14,,,,,,,2,3974,,782,154,,99,,152,426,17,55,,,,,10,6140,388,,,,,,164,528,13,47,,,,,9,1138,,,,,,,24,1287,86,190,,,,,37,81420,7718,,2024,,1641,,4070,1711,96,242,,,,,51,3626,,,,,,,151,236732,16967,63103,5016,,,,13362,10222,,2519,,760,,,451,2570,307,541,136,,,,139,1844,290,449,74,,37,,72,31069,2613,,,,660,,836,1118,,,,,,,60,4479,293,578,67,,43,,150,4246,,776,,,,,119,1542,,68,,,,,7,6762,,719,,,,,145,18260,1321,,,,,,453,2931,,251,,,,,25,8053,1307,1296,398,,230,,258,53,,,,,,,3,813,56,,,,,,38,12372,518,,155,,,,598,4199,361,1176,135,307,,,211,785,83,,40,,27,,16,305,19,50,,,,,2
20200419,319,37,36,,,,,9,4837,,641,,260,,157,154,1781,88,291,,,25,57,40,0,,,,,,,,4929,631,,283,,187,,184,30333,4731,,1457,,,,1166,9433,874,1797,,,,,411,17550,1938,,,,,,1086,2793,313,,105,,79,,96,2538,249,,,,,,67,25996,,3930,,,,,781,18301,,3464,,,,,687,133,6,,2,,,,5,574,,51,,,,,9,2902,198,,86,,54,,75,1668,,151,,53,,,44,30357,4314,,1196,,749,,1290,11210,,,649,,342,,562,1849,,390,,,,,92,2707,274,1059,155,534,,,144,23928,1748,,,,349,,1296,39820,3789,3789,987,,,,2146,12830,,2886,,,,,548,867,46,136,18,,9,,34,31424,3403,,1344,,1115,,2391,2356,228,574,116,226,,,134,5667,875,,,,,,176,14,,,,,,,2,4274,,808,138,,79,,159,433,18,55,,,,,10,6493,465,,,,,,172,585,15,51,,,,,10,1287,,,,,,,28,1342,85,192,,,,,38,85301,7494,,1940,,1628,,4202,1798,92,258,,,,,53,3728,,,,,,,155,242786,16213,64550,5016,,,,13869,11602,,2565,,765,,,471,2599,307,541,136,,,,140,1910,290,456,74,,37,,74,32284,2634,,,,657,,1112,1213,,,,,,,62,4755,298,605,66,,37,,164,4377,,776,,,,,120,1635,,74,,,,,7,7070,,724,,,,,148,18923,1471,,,,,,477,3069,,259,,,,,27,8537,1319,1422,388,,231,,277,53,,,,,,,3,817,53,,,,,,38,12461,586,,193,,,,615,4346,397,1190,162,307,,,220,863,72,,37,,25,,18,309,19,50,,,,,2
20200420,321,46,36,,,,,9,5025,,641,,260,,157,167,1923,93,291,,,24,57,42,0,,,,,,,,5064,637,,285,,181,,187,30978,4674,,1480,,,,1208,9730,874,1813,,,,,422,19815,1919,,,,,,1331,2927,402,,120,,69,,105,2745,256,,,,,,72,26660,,4010,,,,,806,18947,,3550,,,,,733,133,3,,2,,,,5,580,,52,,,,,10,3159,214,,91,,58,,79,1672,,151,,53,,,45,31508,4599,,1239,,757,,1349,11686,,,669,,353,,569,1986,,405,,,,,100,2960,274,1059,155,534,,,148,24523,1794,,,,332,,1328,41416,3872,3872,987,,,,2303,13684,,3014,,,,,582,875,39,138,16,,9,,35,32000,3374,,1346,,1102,,2468,2470,237,602,126,241,,,143,5807,873,,,,,,177,14,,,,,,,2,4512,548,819,146,,89,,169,433,19,57,,,,,10,6764,373,,,,,,179,627,17,53,,,,,13,1474,,,,,,,28,1392,79,198,,,,,41,88806,6986,,2018,,1594,,4377,1845,103,274,,,,,55,3830,,,,,,,158,247512,16103,65969,5016,,,,14347,12919,,2653,,798,,,509,2680,307,541,136,,,,143,1956,303,465,74,,35,,75,33232,2701,,,,659,,1204,1252,,,,,,,63,5098,297,629,62,,45,,175,4377,,776,,,,,120,1685,,87,,,,,7,7238,,730,,,,,152,19458,1411,,,,,,495,3213,,268,,,,,28,8990,1296,1500,396,,237,,300,53,,,,,,,3,820,49,,,,,,38,12787,403,,122,,,,629,4499,406,1211,168,307,,,230,902,77,,37,,23,,24,313,19,51,,,,,2
20200421,329,42,36,,,,,9,5231,,699,,260,,157,177,2227,86,291,,,27,57,43,0,,,,,,,,5251,637,,285,,181,,208,33261,4886,,1502,,,,1268,10106,861,1880,,,,,449,20360,1949,,,,,,1423,3098,402,,120,,69,,112,2931,263,,,,,,82,27495,,4235,,,,,856,19881,,3779,,,,,799,133,3,,2,,,,5,584,,55,,,,,10,3641,214,,89,,60,,83,1736,,157,,58,,,48,33059,4776,,1226,,781,,1468,12097,,,676,,368,,630,2025,,419,,,,,107,3050,263,1059,147,582,,,154,24854,1798,,,,297,,1405,43168,3977,4009,1040,,,,2449,14193,1433,3158,526,,,,652,888,40,139,16,,8,,36,32967,3357,,1346,,1107,,2700,2567,237,629,117,253,,,160,5941,1001,,,,,,189,14,,,,,,,2,4716,548,858,146,,89,,183,437,14,59,,,,,12,6951,427,,,,,,213,644,17,54,,,,,13,1648,,,,,,,33,1491,78,206,,,,,42,92387,7594,,1930,,1501,,4753,1971,116,291,,,,,58,3937,,,,,,,163,251690,16044,67271,5016,,,,14828,13725,,2779,,838,,,557,2807,346,561,164,,,,164,2002,297,471,70,,35,,78,34528,2743,,,,673,,1564,1298,,,,,,,64,5467,309,674,67,,43,,186,4439,,776,,,,,124,1755,65,100,,,,,8,7394,,760,,,,,157,20196,1419,,,,,,517,3296,,277,,,,,32,9630,1331,1581,403,,251,,324,54,,,,,,,3,828,41,,,,,,40,13051,503,,161,,,,640,4620,358,1252,137,324,,,242,914,85,,42,,24,,26,320,19,52,,,,,6
20200422,335,39,36,,,,,9,5465,,730,,288,,170,194,2276,97,291,,,23,57,42,0,,,,,,,,5459,664,,300,,195,,229,35396,4984,,1551,,,,1354,10447,851,2003,,,,,486,22469,1972,,,,,,1544,3206,402,,120,,69,,127,3200,269,,,,,,89,28309,,4469,,,,,910,20740,,3959,,,,,836,134,3,,2,,,,5,582,,56,,,,,12,3748,272,,92,,57,,90,1766,,158,,58,,,51,35108,4665,,1220,,747,,1565,12438,,,633,,334,,661,2211,,432,,,,,110,3192,286,1076,165,558,,,171,25258,1747,,,,287,,1473,44913,3890,4256,1050,,,,2597,14775,1432,3325,527,,,,698,907,42,144,18,,10,,39,33966,3305,,1350,,1065,,2813,2721,240,660,107,262,,,179,6137,1001,,,,,,208,14,,,,,,,2,4894,628,910,162,,86,,193,439,13,59,,,,,14,7220,434,,,,,,242,679,23,62,,,,,14,1722,,,,,,,38,1491,94,206,,,,,42,95865,7210,,1983,,1570,,5063,2072,119,306,,,,,65,4081,,,,,,,172,257216,15599,68773,5016,,,,15302,14117,,2882,,880,,,610,2894,298,588,147,,,,170,2059,302,488,67,,35,,78,35684,2764,,,,685,,1622,915,,,,,,,67,5845,314,717,71,,44,,201,4761,,837,,,,,140,1858,62,111,,,,,8,7842,,775,,,,,166,21069,1678,,,,,,543,3445,,288,,,,,34,10266,1374,1659,419,,244,,349,54,,,,,,,3,831,37,,,,,,40,13328,543,,161,,,,647,4845,355,1302,139,324,,,246,939,103,,41,,23,,26,322,19,52,,,,,6
20200423,337,42,,,,,,9,5778,,768,,288,,170,197,2465,101,291,,,24,57,45,0,,,,,,,,5769,699,,305,,201,,249,37369,4929,,1531,,,,1469,10878,859,2123,,,,,508,23100,1947,,,,,,1639,3361,402,,120,,200,,139,3308,290,,,,,,92,28832,,4693,,,,,979,21512,,4069,,,,,872,135,2,,,,,,5,592,,63,,,,,12,3924,282,,102,,55,,96,1802,,162,,60,,,54,36934,4877,,1268,,766,,1688,13039,,,652,,333,,706,2482,,442,,,,,112,3373,301,1105,161,564,,,185,25739,1727,,,,274,,1540,47992,3851,4493,1034,,,,2769,15737,1405,3477,515,,,,748,937,42,150,18,,11,,44,35291,3611,,1148,,1027,,2977,2942,268,712,104,274,,,200,6321,884,,,,,,218,14,,,,,,,2,5153,595,946,156,,78,,201,442,13,59,,,,,14,7608,486,,,,,,253,709,18,65,,,,,15,1813,,,,,,,45,1588,91,213,,,,,48,99989,7240,,1990,,1462,,5368,2210,121,331,,,,,71,4208,,,,,,,189,263460,15021,70182,5016,,,,15740,14694,,2960,,900,,,656,3017,284,622,156,,,,179,2127,304,512,74,,36,,83,37053,2750,,,,679,,1421,915,,,,,,,69,6262,316,757,72,,45,,213,4917,,837,,,,,150,1956,58,119,,,,,9,8266,,793,,,,,170,21944,1649,,,,,,561,3612,,301,,,,,35,10998,1379,1753,400,,249,,372,54,,,,,,,3,834,44,,,,,,43,13589,544,,151,,,,654,5052,349,1318,146,342,,,257,967,108,,44,,24,,29,326,,52,,,,,7
20200424,339,36,,,,,,9,5832,,768,,288,,170,197,2741,101,291,,,24,57,45,0,,,,,,,,6045,639,984,332,,186,,266,39254,4880,,1521,,,,1562,11262,1084,2237,,,,,552,23921,1877,,,,,,1764,3528,402,,120,,69,,153,3442,277,,,,,,100,30174,,4888,,,,,1031,22147,,4221,,,,,892,141,2,,,,,,5,596,,63,,,,,12,4445,278,,104,,60,,107,1836,,166,,63,,,54,39658,4828,,1225,,709,,1795,13680,,,621,,325,,741,2777,,457,,,,,111,3481,302,1115,163,570,,,191,26140,1697,,,,286,,1601,50969,3847,4752,1034,,,,2877,16616,1425,3618,547,,,,798,965,39,152,17,,7,,47,36641,3022,,1176,,965,,3085,3185,278,756,111,281,,,221,6625,877,,,,,,262,14,,,,,,,2,5434,586,970,148,,74,,209,444,12,59,,,,,14,8052,477,,,,,,269,748,17,67,,,,,15,2124,,,,,,,47,1670,92,218,,,,,51,102196,6847,,1933,,1487,,5617,2379,123,367,,,,,78,4398,,,,,,,197,271590,14258,71373,5016,,,,16162,15169,,3053,,920,,,690,3121,310,637,155,,,,188,2177,258,520,56,,29,,86,38652,2746,,,,679,,1492,1276,,,,,,,77,6699,267,576,77,,48,,202,4917,,837,,,,,150,2040,61,124,,,,,10,8726,,808,,,,,168,22806,1674,,,,,,593,3782,,315,,,,,39,11594,1399,1837,379,,220,,410,54,,,,,,,3,843,32,,,,,,44,13933,551,,164,,,,659,5356,361,1353,143,346,,,262,988,97,,36,,19,,32,349,16,54,,,,,7
20200425,339,32,,,,,,9,6137,,839,,288,,170,212,2829,104,291,,,25,57,47,0,,,,,,,0,6280,697,1022,313,,191,,266,41137,4847,,1458,,,,1651,12256,1084,2366,,,,,674,24582,1810,,,,,,1862,3699,402,,120,,69,,165,3576,300,,,,,,112,30839,,5045,,,,,1075,22695,,4326,,,,,904,141,2,,,,,,5,601,,67,,,,,13,5092,293,,108,,60,,112,1870,,168,,71,,,54,41777,4699,,1244,,763,,1874,14395,1515,,598,,324,,785,3056,,474,,,,,117,3779,303,1143,164,575,,,200,26512,1700,,,,268,,1644,53348,3879,4965,1058,,,,2877,17766,1408,3760,538,,,,875,990,39,156,17,,7,,50,37203,2889,,1164,,934,,3274,3446,288,797,109,291,,,244,6826,850,,,,142,,273,14,,,,,,,2,5718,649,996,152,,78,,221,445,11,61,,,,,14,8623,456,,,,,,289,803,17,70,,,,,16,2421,,,,,,,50,1720,89,224,,,,,53,105523,6722,,1971,,1442,,5863,2521,152,412,,,,,84,4539,,,,,,,204,282143,13524,72444,5016,,,,16599,15587,,3115,,938,,,711,3193,306,637,150,,,,194,2253,261,536,60,,29,,87,40049,2748,,,,640,,1537,1307,,,,,,,83,7129,263,576,77,,52,,215,5253,,944,,,,,166,2147,61,128,,,,,10,9189,,821,,,,,178,23773,1597,,,,,,623,3948,,329,,,,,41,12366,1405,1942,357,,223,,436,55,,,,,,,3,852,37,,,,,,46,14098,455,,174,,,,665,5687,337,1376,136,353,,,266,1020,97,,36,,19,,32,349,16,54,,,,,7
20200426,341,14,,,,,,9,6270,,845,,288,,170,216,2941,104,291,,,25,57,49,0,,,,,,,0,6526,671,1037,308,,200,,275,42164,4928,,1473,,,,1710,12968,1046,2410,,,,,672,25269,1766,,,,,,1924,3841,402,,120,,69,,178,4034,317,,,,,,120,31528,,5155,,,,,1094,23401,,4359,,,,,912,141,2,,,,,,5,603,,68,,,,,14,5476,286,,99,,55,,118,1887,,169,,72,,,56,43903,4595,,1267,,772,,1933,15012,1446,,589,,310,,813,3174,,485,,,,,118,3905,301,1266,164,605,,,205,26773,1701,,,,265,,1670,54938,3879,5104,1077,,,,2899,18581,1463,3962,530,,,,910,1015,39,159,19,,7,,50,37778,2757,,1099,,871,,3315,3602,285,829,115,301,,,272,6997,679,,,,109,,274,14,,,,,,,2,5911,644,1001,146,,67,,227,448,11,61,,,,,14,8830,451,,,,,,299,867,18,71,,,,,17,2732,,,,,,,53,1787,95,238,,,,,60,109038,6573,,1804,,1418,,5938,2660,152,412,,,,,93,4602,,,,,,,206,288045,12839,73540,5016,,,,16966,15963,,3178,,952,,,728,3253,306,653,150,,,,195,2311,249,546,71,,31,,91,41165,2736,,,,632,,1550,1371,,,,,,,84,7439,258,691,78,,53,,226,5490,,944,,,,,174,2212,64,135,,,,,11,9667,,828,,,,,181,24631,1542,,,,,,648,4123,,345,,,,,41,12970,1436,2014,387,,217,,448,57,,,,,,,4,855,34,,,,,,46,14204,508,,145,,,,738,5911,337,1397,136,353,,,272,1044,100,,38,,20,,34,362,16,54,,,,,7
20200427,345,10,,,,,,9,6499,,872,,335,,195,222,3017,109,,,,25,,50,0,,,,,,,0,6716,647,1051,328,,200,,275,43464,4878,,1499,,,,1755,13441,1007,2438,,,,,680,25269,1758,,,,,,1998,3892,402,,,,,,185,4162,325,,,,,,125,32138,,5211,,,,,1101,23913,,4681,,1057,,,971,144,3,,,,,,5,606,,68,,,,,14,5868,300,,100,,58,,127,1897,,169,,71,,,56,45883,4672,,1249,,763,,1983,15961,1493,,581,,284,,844,3328,,496,,,,,120,4074,308,1274,166,608,,,208,27068,1683,,,,262,,1697,56462,3892,5237,1089,,,,3003,19487,1513,4101,535,,,,945,1023,39,161,16,,7,,51,38210,2667,,1059,,832,,3407,3816,292,861,122,316,,,286,7171,679,,,,109,,288,14,,,,,,,2,6094,590,1060,142,,71,,229,449,11,61,,,,,14,9142,473,,,,,,306,942,23,77,,,,,19,3028,,,,,,,56,1864,101,242,,,,,60,111188,6407,,1801,,1303,,6044,2726,148,412,,,,,99,4690,,,,,,,206,291996,12819,74602,,,,,17303,15699,,3232,,978,,,753,3280,306,656,150,,,,197,2354,249,554,71,,31,,92,42050,2800,,,,629,,1597,1389,,,,,,,84,7708,266,718,81,,56,,233,5490,,944,,,,,174,2245,61,150,,,,,11,9918,,837,,,,,184,25297,1563,,,,,,663,4233,,349,,,,,41,13535,1455,3298,389,,217,,458,59,,,,,,,4,862,33,,,,,,47,14557,536,,115,,,,749,6081,337,1415,124,355,,,281,1063,100,,38,,20,,36,370,16,54,,,,,7
20200428,351,16,,,,,,9,6687,,911,,335,,195,242,3111,104,,,,20,,52,0,,,,,,,0,6948,737,1095,303,,193,,293,45031,4983,,1485,,,,1809,13879,994,2485,,,,,706,26312,1732,,,,,,2089,3994,,,,,,,190,4575,337,,,,,,137,32846,,5266,,,,,1154,24615,,4814,,1087,,,1026,145,3,,,,,,5,607,,68,,,,,16,6376,304,,98,,64,,136,1917,,172,,73,,,58,48102,4738,,1245,,778,,2125,16588,1518,,546,,275,,901,3491,,504,,,,,124,4146,313,1281,165,612,,,213,27286,1666,,,,244,,1758,58302,3875,5515,1005,,,,3153,20113,1528,4268,551,,,,1016,1040,33,163,17,,7,,51,39262,2623,,1027,,801,,3567,4181,314,912,120,324,,,301,7303,655,,,,105,,314,14,,,,,,,2,6342,639,1088,162,,77,,239,451,10,61,,,,,15,9568,463,,,,,,342,991,25,79,,,,,19,3358,,,,,,,55,1938,99,246,,,,,60,113856,6476,,1809,,1262,,6442,2823,155,481,,,,,104,4805,,,,,,,219,295106,12645,75362,,,,,17638,16128,,3340,,1004,,,799,3410,288,656,118,,,,207,2354,249,554,71,,31,,92,43264,2781,,,,616,,1716,1400,,,,,,,86,7926,266,732,84,,55,,239,5613,,944,,,,,177,2313,69,157,,,,,11,10052,,894,,,,,188,26171,1682,,,,,,690,4343,,370,,,,,45,14339,1508,3422,376,,217,,492,59,,,,,,,4,862,29,,,,,,47,14837,436,,158,,,,765,6289,544,1456,123,363,,,300,1079,87,,28,,15,,37,389,16,56,,,,,7
20200429,355,14,,,,,,9,6842,,945,,335,,195,245,3192,93,389,,,18,82,59,0,,,,,,,0,7202,756,1131,312,,191,,304,46500,5011,,1512,,,,1887,14735,964,2610,,,,,760,26767,1691,,,,,,2168,4106,,,,,,,205,4655,326,,,,,,144,33193,,5624,,,,,1240,25572,,5056,,1148,,,1093,145,,,,,,,5,609,,69,,,,,16,6843,323,,100,,74,,148,1952,,173,,73,,,60,50355,5036,,1290,,777,,2215,17182,1484,,570,,262,,1065,3738,,515,,198,,88,125,4375,320,1331,170,625,,,225,27660,1629,,,,244,,1802,60265,3856,5758,1011,,,,3405,20849,1610,4402,586,,,,1078,1056,32,166,17,,7,,52,40399,2498,,997,,778,,3670,4644,320,950,119,337,,,319,7425,891,,,,125,,318,14,,,,,,,2,6569,677,1126,151,,69,,250,451,5,61,,,,,16,9948,551,,,,,,354,1033,28,82,,,,,19,3374,,,,,,,55,2010,106,249,,,,,60,116264,6289,,1811,,1327,,6770,2974,157,509,,,,,110,4898,,,,,,,230,299691,12159,76450,,,,,18015,17303,,3421,,1014,,,937,3473,283,693,126,,,,214,2446,227,569,56,,24,,101,44366,2781,,,,602,,2195,1433,,,,,,,86,8247,269,750,80,,55,,251,5881,,1000,,,,,203,2373,69,165,,,,,13,10366,,1013,,,,,195,27054,1702,,,,,,732,4495,,383,,,,,45,14961,1566,3608,387,,222,,522,62,,,,,,,4,866,26,,,,,,47,15155,490,,156,,,,786,6520,577,1489,121,363,,,308,1095,102,,40,,21,,38,536,12,56,,,,,7
20200430,355,19,,,,,,9,7019,,978,,335,,195,269,3255,95,402,,,23,85,61,0,,,,,,,0,7648,755,1169,311,,194,,320,48917,4981,,1473,,,,1982,14758,966,2621,,,,,766,27700,1650,,,,,,2257,4323,,,,,,,224,4734,296,,,,,,152,33690,,5795,,,,,1290,26155,,5156,,1171,,,1120,146,,,,,,,5,613,,69,,,,,16,7145,335,,121,,86,,162,1984,,175,,74,,,60,52918,4953,,1289,,785,,2355,17835,1466,,549,,275,,1114,4238,,523,,201,,93,129,4539,325,1359,176,636,,,235,28001,1601,,,,231,,1862,62205,3803,5942,1001,,,,3562,21742,1711,4559,590,,,,1140,1095,35,170,18,,8,,53,41379,2319,,966,,760,,3789,5136,365,1044,130,358,,,343,7562,853,,,,141,,329,14,,,,,,,2,6815,639,1175,146,,72,,261,453,5,61,,,,,16,10509,546,,,,,,378,1067,30,85,,,,,19,3784,,,,,,,68,2054,107,259,,,,,66,118652,6137,,1765,,1271,,7228,3213,163,536,,,,,112,4998,,,,,,,237,304372,11598,77400,,,,,18321,18027,,3533,,1035,,,975,3618,291,703,127,,,,222,2510,243,578,65,,28,,103,45763,2707,,,,556,,2292,1539,,,,,,,92,8621,339,896,85,,54,,266,6095,,1000,,,,,244,2449,76,173,,,,,17,10735,,1045,,,,,199,28087,1686,,,,,,782,4672,,390,,,,,46,15846,1550,3654,372,,208,,552,66,,,,,,,4,879,23,,,,,,49,15396,474,,145,,,,801,6854,554,1512,119,382,,,316,1118,84,,38,,20,,41,544,13,56,,,,,7
20200501,364,25,,,,,,9,7158,,1008,,335,,195,279,3321,95,414,,,23,85,64,0,,,,,,,0,7962,709,1203,311,,187,,330,50442,4706,,1434,,,,2073,15284,959,2697,,,,,777,28764,1592,7758,,,,,2339,4658,,,,,,,231,4918,281,,,,,,159,34728,,5795,,,,,1314,27270,,5269,,1215,,,1154,146,,,,,,,5,618,,70,,,,,16,7884,345,,121,,91,,170,2015,,178,,75,,,63,56055,4900,,1263,,777,,2457,18630,1431,,514,,257,,1175,4449,,534,,206,,96,130,4708,330,1375,178,642,,,240,28711,1607,,,,230,,1927,64311,3716,6169,947,,,,3716,23472,1668,4718,568,,,,1192,1123,37,177,17,,9,,55,42356,2319,,966,,760,,3866,5730,369,1096,118,380,,,371,7835,883,,,,137,,337,14,,,,,,,2,7212,651,1226,160,,75,,281,453,5,61,,,,,16,10923,547,,,,,,399,1107,27,86,,,,,23,4281,,,,,,,70,2146,112,262,,,,,72,121190,5972,,1724,,1286,,7538,3411,172,536,,,,,123,5227,,,,,,,243,308314,10993,78224,,,,,18610,18743,,3634,,1056,,,1002,3748,255,715,113,,,,230,2579,208,591,49,,23,,104,46971,2683,,,,590,,2354,1575,,,,,,,92,8962,352,937,76,,51,,279,6258,,1110,,,,,256,2525,69,179,,,,,21,11891,,1113,,,,,204,29229,1778,,,,,,816,4828,,403,,,,,46,16901,1431,3654,366,,193,,581,66,,,,,,,4,885,19,,,,,,50,15704,470,,120,,,,814,7314,560,1544,127,391,,,327,1136,81,,33,,18,,46,559,13,56,,,,,7
20200502,365,10,,,,,,9,7434,,1023,,335,,195,288,3372,95,414,,,20,85,73,0,,,,,,,0,8364,718,1339,291,,198,,348,52197,4722,,1433,,,,2171,15768,931,2747,,,,,820,28764,1592,7758,,,,,2339,4797,,,,,,,240,5038,300,,,,,,168,35463,,5945,,,,,1388,28306,,5387,,1247,,,1174,148,,,,,,,5,619,,72,,,,,16,8641,353,,131,,90,,175,2035,,178,,76,,,63,58505,4717,,1250,,789,,2559,19295,1456,,487,,244,,1229,4746,,541,,206,,95,131,4879,334,1411,178,652,,,248,29140,1545,,,,208,,1950,66263,3601,6378,921,,,,3846,24473,1657,4910,566,,,,1251,1152,36,181,19,,10,,56,43207,2100,,850,,713,,4020,6228,389,1159,135,404,,,395,8154,896,,,,141,,351,14,,,,,,,2,7441,632,1265,142,,71,,291,455,5,61,,,,,16,11509,502,,,,,,420,1153,32,90,,,,,24,4838,,,,,,,73,2310,103,270,,,,,81,123717,5713,,1715,,1230,,7742,3513,159,587,,,,,131,5311,,,,,,,254,312977,10350,78942,,,,,18909,19335,1003,3712,424,1066,267,,1021,3851,236,743,92,,,,238,2635,209,595,50,,22,,109,48305,2673,,,,571,,2418,1757,,,,,,,95,9289,333,977,80,,54,,296,6489,,1110,,,,,267,2588,71,187,,,,,21,12661,,1125,,,,,209,30522,1725,,,,,,847,4981,,418,,,,,49,17731,1426,3738,375,,202,,616,66,,,,,,,4,896,11,,,,,,51,15810,428,,117,,,,824,7660,582,1591,118,400,,,334,1169,76,,29,,15,,48,566,13,58,,,,,7
20200503,368,12,,,,,,9,7725,,1035,,403,,242,290,3431,100,427,,,20,88,76,0,,,,,,,0,8640,732,1348,282,,192,,362,53616,4734,,1468,,,,2215,16225,883,2793,,,,,832,29287,1551,7758,,,,,2436,5016,,,,,,,251,5208,284,,,,,,177,36078,,6244,,,,,1403,28602,,5393,,1249,,,1177,150,,,,,,,5,620,,72,,,,,16,9169,378,,133,,93,,184,2061,,200,,83,,,63,61499,4701,,1232,,759,,2618,19933,1398,,476,,242,,1246,5030,,547,,209,,95,134,4879,334,1411,178,652,,,248,29340,1530,,,,213,,1969,68087,3617,6507,904,,,,4004,25462,1635,5051,565,,,,1281,1185,33,183,18,,12,,57,43754,2100,,850,,713,,4049,6663,373,1199,155,426,,,419,8386,896,,,,141,,352,14,,,,,,,2,7550,667,1298,143,,73,,303,455,5,61,,,,,16,11664,475,,,,,,422,1191,31,90,,,,,25,5326,,,,,,,76,2429,103,277,,,,,84,126744,5317,,1623,,1198,,7871,3732,168,587,,,,,139,5426,,,,,,,257,316415,9786,79768,,,,,19189,19914,931,3769,393,1078,255,,1038,3972,236,743,92,,,,238,2680,205,598,46,,21,,109,49267,2645,,,,562,,2444,1808,,,,,,,97,9477,330,1013,83,,59,,320,6626,,1110,,,,,275,2631,71,197,,,,,21,13177,,1135,,,,,210,31548,1540,,,,,,867,5175,,436,,,,,50,18671,1413,3910,385,,193,,660,66,,,,,,,4,901,19,,,,,,52,15888,411,,120,,,,830,7964,582,1608,118,402,,,339,1191,73,,28,,15,,50,579,13,60,,,,,7
20200504,370,12,,,,,,9,8025,,1064,,411,,247,296,3458,91,438,,,16,88,81,0,,,,,,,0,8919,703,1357,288,,200,,362,54937,4616,,1464,,,,2254,16635,883,2799,,,,,842,29287,1488,7758,,,,,2495,5170,447,,130,,91,,258,5288,281,,,,,,182,36897,,6329,,,,,1423,29368,,5526,,1284,,,1222,149,,,,,,,5,620,,73,,,,,17,9703,389,,143,,93,,188,2061,,200,,83,,,64,63840,4493,,1232,,763,,2662,20507,1449,,483,,249,,1264,5245,,553,,209,,95,136,5130,329,1519,170,654,,,253,29673,1502,,,,220,,2064,69087,3539,6622,908,,,,4090,26408,1649,5199,563,,,,1317,1205,37,186,18,,11,,57,43950,1948,,839,,670,,4049,7234,396,1271,166,444,,,428,8754,858,,,,135,,358,14,,,,,,,2,7877,646,1316,145,,78,,310,457,6,62,,,,,16,11848,498,,,,,,430,1225,31,94,,,,,25,5910,,,,,,,78,2588,103,286,,,,,86,128269,5287,,1610,,1189,,7910,3850,164,587,,,,,151,5491,,,,,,,262,318953,9647,80376,,,,,19415,20474,1078,3809,412,1090,275,,1056,4044,236,753,92,,,,238,2759,207,608,41,,17,,109,50092,2708,,,,573,,2458,1843,,,,,,,97,9652,339,1061,84,,61,,341,6626,,1110,,,,,275,2668,69,211,,,,,21,13571,,1143,,,,,219,32332,1533,,,,,,884,5317,,441,,,,,50,19492,1463,4010,348,,192,,684,66,,,,,,,4,906,15,,,,,,52,16262,263,,86,,,,834,8236,573,1621,116,404,,,340,1206,73,,28,,15,,50,586,13,60,,,,,7
20200505,371,13,,,,,,9,8285,,1107,,428,,255,313,3496,89,453,,,16,89,83,0,,,,,,,0,9305,728,1397,303,,185,,395,56212,4622,,1388,,,,2317,16907,834,2838,,,,,851,30621,1500,7758,,,,,2633,5322,447,,130,,91,,264,5371,284,,,,,,187,37439,,6546,,,,,1536,29711,,5634,,1318,,,1288,149,,,,,,,5,621,,73,,,,,17,10111,407,,152,,94,,207,2106,,201,,83,,,64,65962,4780,,1266,,780,,2838,21033,1537,,480,,272,,1326,5458,,566,,212,,95,137,5245,333,1529,174,659,,,261,29996,1512,,,,194,,2115,70271,3542,6831,914,,,,4212,27117,1693,5337,573,,,,1390,1226,36,187,18,,12,,61,44397,1948,,839,,670,,4179,7851,434,1350,182,475,,,455,8916,893,,,,139,,377,14,,,,,,,2,8207,645,1352,162,,77,,342,456,6,62,,,,,16,12256,534,,,,,,452,1266,31,95,,,,,25,6083,,,,,,,78,2588,111,286,,82,,,86,130593,5328,,1534,,1169,,8244,4031,181,667,,,,,156,5594,,,,,,,268,321192,9603,80918,,,,,19645,20969,1069,3956,402,1123,281,,1135,4127,236,773,113,,,,247,2839,219,622,49,,25,,113,50957,2580,,,,550,,3012,1924,,,,,,,99,9933,327,1092,89,,62,,355,6757,,1110,,,,,283,2721,75,220,,,,,24,13690,,1156,,,,,226,33369,1888,,,,,,906,5449,,456,,,,,56,20256,1496,4113,361,,189,,713,66,,,,,,,4,909,33,,2,,0,,52,16510,292,,102,,,,841,8566,543,1663,92,414,,,353,1238,64,,23,,12,,50,596,13,60,,,,,7
20200506,372,8,,,,,,10,8581,,1158,,442,,264,340,3568,69,453,,,14,89,85,0,,,,,,,0,9707,754,1430,286,,193,,426,58815,4681,,1415,,,,2412,17364,792,2919,,,,,903,30995,1445,7758,,,,,2718,5461,447,,130,,91,,277,5778,299,,,,,,193,38002,,6776,,,,,1605,30696,,5765,,1343,,,1311,151,,,,,,,5,625,,73,,,,,17,10404,414,,151,,103,,219,2127,,203,,84,,,65,68232,4832,,1231,,780,,2974,21870,1558,,526,,281,,1377,5734,,571,,213,,96,144,5822,347,1603,189,685,,,275,30399,1465,,,,187,,2115,72025,3564,7080,922,,,,4420,28163,1707,5497,584,,,,1437,1254,37,191,18,,12,,62,45054,1818,,794,,617,,4250,8579,443,1405,180,488,,,485,9102,953,,,,134,,396,15,,,,,,,2,8424,618,1392,144,,79,,374,456,6,62,,,,,16,12758,516,,,,,,477,1323,32,97,,,,,31,6438,,,,,,,82,2636,115,295,,82,,,92,131890,5221,,1549,,1146,,8549,4138,178,687,,,,,162,5663,,,,,,,276,323978,9179,81570,,,,,19877,21576,1045,4052,407,1151,275,,1225,4201,230,773,102,,,,253,2916,191,641,47,,20,,115,51845,2545,,,,560,,3106,1968,,,,,,,99,10205,324,1123,86,,60,,370,6936,,1152,,,,,305,2779,72,230,,,,,29,13938,,1221,,,,,239,34422,1812,,,,,,948,5595,,464,,,,,58,20256,1496,4113,361,,189,,713,66,,,,,,,4,914,26,,2,,0,,52,16785,390,,127,,,,862,8901,511,1694,107,423,,,362,1248,76,,22,,12,,50,604,11,60,,,,,7
20200507,374,12,,,,,,10,8898,,1178,,448,,266,349,3611,69,462,,,14,93,87,0,,,,,,,0,9945,766,1449,288,,196,,450,60614,4560,,1374,,,,2504,17830,798,2986,,,,,921,31784,1385,9389,,,,,2797,5654,447,,130,,91,,285,5939,285,,,,,,202,38828,,6990,,,,,1667,31439,,5835,,1374,,,1336,151,,,,,,,5,626,,74,,,,,17,11059,417,,151,,107,,231,2158,,205,,86,,,66,70873,4862,,1253,,766,,3111,22503,1457,,487,,228,,1414,6144,,587,,218,,97,147,5934,351,1616,190,693,,,283,30652,1432,,,,189,,2208,73721,3436,7237,852,,,,4552,29374,1683,5663,584,,,,1503,1330,39,192,16,,11,,62,45646,1697,,753,,612,,4343,9365,435,1459,182,512,,,508,9341,917,,,,141,,418,15,,,,,,,2,8686,650,1442,139,,71,,396,456,6,62,,,,,16,13397,525,,,,,,507,1371,35,102,,,,,31,6771,,,,,,,86,2740,113,307,,82,,,111,133635,4996,,1470,,1107,,8801,4291,193,687,,,,,169,5766,,,,,,,286,327649,8665,82197,2976,,2425,,20828,22131,1057,4140,418,1167,279,,1271,4330,223,805,97,,,,260,2989,171,645,48,,23,,121,52915,2420,,,,539,,3416,2031,,,,,,,102,10530,318,1153,82,,56,,388,6936,,1152,,,,,305,2905,70,236,,,,,31,14096,,1266,,,,,237,35390,1750,,,,,,973,5724,194,476,,159,,73,61,21570,1613,4438,371,,203,,769,66,,,,,,,4,916,14,,2,,0,,53,17028,358,,144,,,,870,9215,624,1732,108,435,,,374,1287,76,,22,,12,,51,631,11,59,,,,,7
20200508,377,16,,,,,,10,9221,,1207,,454,,266,375,3694,70,466,,,14,93,88,0,,,,,,,0,10526,730,1482,295,,197,,517,62512,4514,,1342,,,,2585,18801,821,3557,,,,,961,32411,1327,9389,,,,,2874,5899,447,,130,,91,,304,6111,289,,,,,,213,39199,,7157,,,,,1738,32106,,5935,,1399,,,1377,151,,,,,,,5,629,,74,,,,,17,11457,407,,164,,109,,243,2178,,206,,86,,,67,73760,4750,,1222,,727,,3241,23146,1379,4389,481,990,219,,1447,6501,,608,,223,,99,152,6129,356,1684,199,714,,,294,30855,1359,,,,185,,2227,75333,3349,7434,826,,,,4702,30485,1674,5811,571,,,,1560,1374,44,194,23,,10,,63,46326,1637,,725,,570,,4393,10088,473,1549,198,540,,,534,9489,832,,,,143,,449,15,,,,,,,2,9090,632,1478,123,,58,,409,458,6,62,,,,,16,13868,515,,,,,,527,1425,33,104,,,,,33,7190,,,,,,,90,2843,113,308,,97,,,114,135454,4605,,1439,,1089,,8952,4493,197,760,,,,,172,5884,,,,,,,293,330407,8196,82730,2811,,2295,,21045,23016,1060,4218,393,1188,274,,1306,4424,228,805,96,,,,266,3068,159,659,42,,18,,124,54238,2342,,,,517,,3616,2156,161,,,,10,,107,10779,312,1187,71,,52,,399,7142,,1152,,,,,316,3144,76,247,,,,,31,14441,,1299,,,,,241,36609,1734,,,,,,1004,5919,216,488,,162,,73,61,22342,1625,4622,378,,199,,812,68,,,,,,,4,918,15,,,,,,53,17273,393,,122,,,,891,9590,552,1767,110,441,,,384,1310,65,,19,,11,,51,635,9,60,,,,,7
20200509,378,8,,,,,,10,9567,,1228,,459,,272,388,3747,64,471,,,14,96,88,0,,,,,,,0,10960,739,1514,296,,186,,532,64561,4538,,1349,,,,2678,18827,790,3600,,,,,960,32984,1301,9389,,,,,2932,6102,447,,130,,91,,311,6277,288,,,,,,221,40001,,7325,,,,,1785,32532,,5987,,1409,,,1400,151,,,,,,,5,629,,81,,,,,17,11671,402,,161,,106,,252,2205,,206,,86,,,67,76085,4739,,1215,,739,,3349,23732,1361,4389,458,990,213,,1490,6751,,635,,229,,100,157,6288,369,1696,210,723,,,298,31417,1333,,,,165,,2267,76743,3229,7551,814,,,,4840,31534,1665,5932,575,,,,1614,1408,43,198,22,,10,,64,46756,1531,,683,,539,,4526,10790,476,1612,180,556,,,558,9666,855,,,,144,,472,16,,,,,,,2,9378,607,1512,133,,76,,421,458,4,62,,,,,16,14360,513,,,,,,544,1464,34,110,,,,,35,7831,,,,,,,92,2947,112,309,,97,,,121,137085,4628,,1416,,1054,,9116,4673,201,789,,,,,181,6028,,,,,,,301,333122,7776,83285,2664,,2203,,21271,23697,929,4300,368,1200,222,,1331,4490,177,822,93,,,,270,3160,139,662,34,,19,,127,55316,2285,,,,502,,3688,2173,161,,,,7,,108,10989,292,1218,77,,56,,418,7531,,1252,,,,,330,3393,79,253,,,,,34,14768,,1319,,,,,242,37860,1735,,,,,,1049,6103,172,498,,166,,75,66,23196,1593,4717,367,,198,,827,68,,,,,,,4,926,21,,,,,,53,17394,393,,128,,,,905,9939,543,1806,110,452,,,398,1335,53,,13,,7,,53,644,12,64,,,,,7
20200510,379,8,,,,,,10,9777,,1240,,460,,274,393,3747,64,471,,,14,96,88,0,,,,,,,0,11119,713,1528,300,,195,,536,66680,4555,,1328,,,,2745,19703,790,3623,,,,,967,33554,1242,9389,,,,,2967,6272,447,,130,,91,,323,6447,285,,,,,,224,40596,,7404,,,,,1791,33441,,5997,,1412,,,1405,151,,,,,,,5,631,,81,,,,,17,11959,413,,157,,105,,265,2230,,207,,87,,,67,77741,4293,,1232,,709,,3406,24126,1328,4389,462,990,205,,1508,6948,,657,,231,,101,157,6440,394,1757,226,758,,,304,31600,1324,,,,161,,2286,77793,3128,7617,810,,,,4979,32587,1640,5955,611,,,,1644,1436,36,199,17,,10,,64,47138,1437,,674,,536,,4551,11271,434,1657,199,581,,,578,9844,824,,,,137,,482,16,,,,,,,2,9501,645,1531,141,,78,,430,458,4,62,,,,,16,14764,442,,,,,,547,1491,29,110,,,,,35,8234,,,,,,,96,3011,107,313,,97,,,131,138532,4308,,1338,,994,,9255,4778,198,789,,,,,191,6098,444,,116,,65,,306,335395,7262,83761,2488,,2073,,21478,24081,962,4351,381,1205,254,,1341,4589,177,826,93,,,,272,3228,164,670,45,,22,,127,56611,2230,,,,501,,3707,2198,,,,,,,111,11274,283,1251,70,,52,,422,7653,,1252,,,,,331,3517,77,261,,,,,34,14985,,1325,,,,,243,38869,1626,,,,,,1088,6251,144,512,,168,,76,67,24081,1555,4756,351,,187,,839,69,,,,,,,4,926,21,,,,,,53,17445,335,,101,,,,921,10219,514,1820,113,456,,,400,1360,49,,10,,6,,54,661,12,65,,,,,7
20200511,381,7,,,,,,10,10009,,1256,,463,,276,401,4034,61,480,,,11,98,94,0,,,,,,,0,11380,717,1537,297,,201,,542,67939,4549,,1329,,,,2770,19899,573,3689,,,,,981,33765,1212,9389,,,,,3008,6389,416,,,,82,,328,6565,275,,,,,,225,40982,,7458,,,,,1805,33927,,6015,,1414,,,1441,151,,,,,,,5,632,,81,,,,,17,12373,394,,152,,107,,271,2230,,207,,87,,,67,79007,4319,,1248,,730,,3459,24627,1346,4389,452,990,213,,1540,7116,,660,,233,,101,158,6440,394,1757,226,758,,,304,31815,1310,,,,157,,2308,78462,3102,7732,813,,,,5108,33373,1544,6183,585,,,,1683,1462,37,200,17,,9,,65,47552,1424,,685,,557,,4584,11799,452,1716,194,600,,,591,9918,824,,,,137,,488,19,,,,,,,2,9674,507,1546,132,,68,,435,459,4,62,,,,,16,15045,464,,,,,,550,1518,34,115,,,,,36,8315,,,,,,,98,3160,113,318,,97,,,133,139945,4195,,1255,,970,,9310,4863,194,789,,,,,200,6152,482,,117,,60,,306,337055,7226,84194,2450,,2020,,21640,24777,1011,4413,391,1217,256,,1357,4613,177,828,93,,,,274,3286,164,673,40,,23,,130,57154,2176,,,,497,,3731,2256,,,,,,,113,11450,276,1280,73,,52,,430,7653,,1252,,,,,331,3614,78,263,,,,,34,15544,,1344,,,,,251,39869,1525,,,,,,1100,6362,160,517,,169,,76,68,25070,1504,4777,362,,194,,850,69,,,,,,,5,927,14,,,,,,53,17728,350,,110,,,,931,10418,520,1846,116,460,,,409,1366,49,,10,,6,,54,662,12,66,,,,,7
20200512,383,10,,,,,,10,10310,,1287,,468,,280,429,4164,59,485,,,12,98,95,0,,,,,,,0,11736,765,1564,318,,204,,562,69382,4544,,1349,,,,2847,19879,738,3663,,,,,987,34333,1189,9389,,,,,3041,6485,416,,,,82,,336,6741,276,,,,,,237,41923,,7654,,,,,1849,34635,,6130,,1443,,,1461,152,,,,,,,5,634,,81,,,,,17,12912,385,,143,,101,,289,2260,,210,,87,,,70,83021,4626,,1215,,730,,3601,25127,1283,4389,472,,212,,1578,7116,,660,,233,,101,158,6677,383,1767,220,768,,,311,32050,1320,,,,146,,2347,79332,3127,7842,818,,,,5141,34061,1563,6287,590,,,,1756,1477,34,202,17,,8,,65,48021,1384,,693,,525,,4674,12494,496,1799,199,625,,,614,10006,787,,,,140,,524,19,,,,,,,2,9908,604,1582,146,,75,,457,461,4,63,,,,,16,15346,475,,,,,,577,1571,38,122,,,,,38,8572,192,,81,,56,,100,3160,117,318,,97,,,133,140743,4328,,1306,,982,,9508,5069,207,886,,,,,208,6311,522,,121,,64,,312,338485,7063,84489,2375,,1964,,21845,25250,1032,4539,401,1232,270,,1436,4732,190,828,83,,,,278,3286,165,673,39,,25,,130,57991,2187,,,,497,,3806,2299,,,,,,,114,11614,277,1307,72,,53,,444,7927,,1338,,,,,355,3663,74,271,,,,,39,16111,,1363,,,,,265,41048,1725,,,,,,1133,6432,166,535,,178,,80,73,25800,1529,4929,364,,201,,891,69,,,,,,,6,929,18,,,,,,53,17969,321,,94,,,,945,10611,520,1877,116,464,,,418,1371,50,,9,,5,,57,675,10,67,,,,,7
20200513,383,12,,,,,,10,10617,,1317,,477,,284,449,4164,59,497,,,12,99,95,0,,,,,,,0,12176,755,1590,292,,191,,594,71141,4545,,1314,,,,2934,20157,688,3695,,,,,1009,34855,1158,9389,,,,,3125,6584,423,,,,82,,350,6952,282,,,,,,247,42402,,7835,,,,,1898,35332,,6259,,1494,,,1505,152,,,,,,,5,635,,81,,,,,17,13289,388,,133,,101,,306,2293,,214,,88,,,69,84698,4563,,1208,,714,,3792,25473,1336,4389,481,990,217,,1619,7468,,704,,238,,108,164,6853,379,1825,215,783,,,321,32662,1194,,,,147,,2381,80497,3101,8032,794,,,,5315,34812,1550,6404,572,,,,1809,1515,41,204,20,,7,,66,48391,1384,,693,,525,,4714,12917,494,1851,199,647,,,638,10142,771,,,,129,,542,19,,,,,,,2,10090,604,1616,150,,79,,465,462,3,63,,,,,16,15816,521,,,,,,597,1647,37,127,,,,,40,8692,192,,81,,56,,103,3239,121,319,,97,,,142,141560,4226,,1226,,928,,9702,5212,199,886,,,,,219,6394,522,,121,,64,,321,340661,6946,85008,2308,,1908,,22013,25721,924,4618,353,1248,244,,1483,4852,218,848,93,,,,278,3416,162,678,38,,17,,134,58698,2012,,,,473,,3943,2329,,,10,,6,,115,11835,269,1328,68,,48,,462,7927,,1338,,,,,355,3732,79,281,,,,,39,16370,,1388,,,,,273,42403,1676,,,,,,1158,6620,158,553,,182,,81,75,26746,1526,5080,374,,202,,927,69,,,,,,,6,930,17,,,,,,53,18249,384,,114,,,,962,10902,527,1908,110,469,,,421,1398,58,,11,,6,,58,675,10,67,,,,,7
20200514,387,12,,,,,,10,10968,,1350,,489,,291,467,4236,64,509,,,13,100,97,0,,,,,,,0,12674,781,1636,323,,201,,624,73164,4655,,1324,,,,3032,20475,685,3735,,,,,1062,35464,1103,10946,,,,,3219,6736,397,,,,90,,358,7223,273,,,,,,260,43210,472,7993,232,,,,1948,35858,,6345,,1513,,,1527,153,,,,,,,5,638,,81,,,,,17,13675,405,,134,,93,,318,2324,,212,,88,,,69,87937,4473,,1132,,689,,3928,26053,1381,4389,488,990,217,,1646,7468,,704,,238,,108,164,7080,377,1835,215,784,,,326,33489,1193,,,,140,,2417,82182,2859,8207,781,,,,5482,35903,1538,6553,569,,,,1866,1565,37,207,18,,7,,69,49582,1330,,653,,515,,4787,13435,498,1915,203,663,,,663,10317,796,,,,115,,562,19,,,,,,,2,10483,589,1667,131,,72,,480,462,3,63,,,,,16,16507,507,,,,,,615,1647,38,129,,,,,40,9075,,,,,,,107,3299,126,326,,97,,,150,142704,3958,,1157,,898,,9946,5364,200,886,,,,,231,6499,515,,126,,75,,331,343051,6706,85454,2223,,1846,,22170,26357,953,4718,360,1268,253,,1534,4962,217,858,102,,,,284,3479,163,685,38,,17,,137,59636,1983,,,,446,,4218,2427,159,,18,,5,,117,12016,271,1351,65,,42,,468,8189,,1338,,,,,371,3792,85,290,,,,,43,16699,,1435,,,,,287,43851,1648,,,,,,1216,6749,142,558,,187,,83,75,27813,1533,5211,355,,201,,955,69,,,,,,,6,931,18,,,,,,53,18496,365,,111,,,,975,11275,507,1939,121,478,,,434,1427,52,,9,,5,,60,701,8,67,,,,,7
20200515,388,8,,,,,,10,11216,,1377,,497,,293,476,4463,65,520,,,9,101,98,0,,,,,,,0,13169,808,1629,313,,222,,651,74936,4519,,1324,,,,3108,20838,685,3789,,,,,1091,36085,1033,10946,,,,,3285,6871,393,,,,90,,368,7373,269,,,,,,271,43210,472,7993,232,,,,1991,36681,,6438,,1534,,,1557,154,,,,,,,5,637,,81,,,,,17,14049,387,,130,,87,,336,2351,,212,,89,,,72,90369,4367,,1129,,675,,4058,26655,1294,4389,492,990,213,,1691,7886,,724,,246,,112,172,7225,385,1887,220,794,,,328,33837,1091,,,,132,,2448,83421,2767,8314,749,,,,5592,36986,1496,6679,598,,,,1911,1603,35,211,16,,8,,69,50079,1256,,532,,440,,4825,14240,498,1985,200,679,,,692,10456,812,,,,120,,576,19,,,,,,,2,10801,573,1712,172,,81,,493,466,3,63,,,,,16,17129,492,,,,,,641,1761,35,130,,,,,42,9416,,,,,,,113,3464,115,335,,109,,,159,143905,3823,,1127,,865,,10138,5503,209,886,,,,,242,6614,425,,115,,73,,339,345813,6394,85782,2156,,1774,,22304,26954,944,4791,370,1277,260,,1581,5086,215,863,98,,,,285,3541,161,691,46,,19,,137,60622,1934,,,,431,,4342,2542,147,,18,,3,,122,12219,272,1372,63,,41,,479,8407,,1421,,,,,380,3887,80,296,,,,,44,16970,,1454,,,,,290,45198,1716,,,,,,1272,6913,161,566,,190,,83,77,28672,1511,5316,362,,195,,977,69,,,,,,,6,932,17,,,,,,53,18741,374,,114,,,,983,11685,548,1977,113,485,,,445,1441,57,,15,,8,,62,715,8,68,,,,,7
20200516,392,10,,,,,,10,11523,,1387,,501,,295,485,4578,65,520,,,10,101,98,0,,,,,,,0,13631,791,1683,344,,210,,679,76793,4424,,1313,,,,3204,21232,671,3842,,,,,1150,36703,994,10946,,,,,3339,7042,382,,,,79,,375,7547,250,,,,,,286,44811,472,8393,232,,,,2040,37147,1005,6735,,1554,,,1592,154,,,,,,,5,638,,81,,,,,17,14328,387,,128,,83,,346,2389,,213,,89,,,73,92457,4306,,1135,,653,,4129,27280,1274,4389,426,990,199,,1741,7886,,724,,246,,112,172,7444,381,1896,218,797,,,332,34117,1028,,,,123,,2479,84933,2692,8456,747,,,,5705,37968,1500,6755,598,,,,1957,1648,37,214,19,,10,,70,50504,1256,,532,,440,,4880,14969,493,2039,225,700,,,709,10675,775,,,,116,,589,21,,,,,,,2,11123,641,1748,170,,81,,510,468,3,63,,,,,16,17982,481,,,,,,652,1848,33,130,,,,,42,9772,,,,,,,119,3464,110,335,,109,,,159,145089,3564,,1061,,846,,10249,5662,223,886,,,,,253,6662,423,,105,,65,,345,348232,6220,86207,2077,,1674,,22478,27474,866,4870,366,1277,251,,1610,5237,180,878,73,,,,288,3612,153,699,48,,16,,137,61611,1873,,,,429,,4403,2589,161,,15,,5,,122,12434,273,1403,66,,44,,489,8407,,1421,,,,,380,3959,75,304,,,,,44,17288,,1474,,,,,295,46999,1791,,,,,,1305,7068,168,578,,194,,84,78,29683,1505,5414,381,,189,,1002,69,,,,,,,6,940,20,,,,,,53,18853,331,,90,,,,992,12187,546,2018,127,488,,,453,1457,55,,13,,6,,64,716,8,69,,,,,7
20200517,396,13,,,,,,10,11771,,1392,,504,,296,488,4759,65,520,,,9,101,98,0,,,,,,,0,13937,796,1699,337,,201,,680,78839,4291,,1293,,,,3261,21633,650,3866,,,,,1192,37419,937,10946,,,,,3408,7123,369,,,,74,,383,7670,229,,,,,,290,45588,472,8478,232,,,,2049,37701,1010,6790,,1557,,,1606,154,,,,,,,5,639,,82,,,,,17,14651,376,,124,,85,,351,2419,,213,,89,,,73,94191,4190,,1144,,735,,4177,27778,1246,4389,441,990,205,,1751,7886,,724,,246,,112,172,7688,381,1896,218,797,,,334,34432,1019,,,,111,,2491,86010,2597,8539,702,,,,5797,38804,1460,6993,562,,,,1992,1687,37,216,16,,11,,70,51142,1114,,488,,434,,4891,15668,487,2090,221,716,,,731,10789,775,,,,116,,594,21,,,,,,,2,11296,608,1773,158,,81,,521,468,3,63,,,,,16,18512,493,,,,,,659,1900,30,130,,,,,43,10220,,,,,,,123,3556,115,347,,109,,,171,146334,3411,,1030,,819,,10356,5857,208,886,,,,,259,6857,423,,105,,65,,349,350121,5897,86575,1981,,1601,,22619,27923,914,4921,343,1305,230,,1625,5310,180,880,73,,,,288,3623,156,703,37,,16,,137,62234,1821,,,,422,,4418,2646,,,24,,5,,123,12674,260,1418,64,,45,,499,8816,,1421,,,,,380,3987,77,312,,,,,44,17388,,1482,,,,,298,47784,1512,,,,,,1336,7238,181,586,,196,,84,80,30388,1524,5517,379,,195,,1009,69,,,,,,,6,940,14,,,,,,54,18905,168,,52,,,,1000,12543,543,2038,129,494,,,453,1490,48,,11,,7,,67,754,8,70,,,,,8
20200518,399,9,,,,,,10,12086,,1416,,512,,302,489,4813,77,530,,,12,101,100,0,,,,,,,0,14170,820,1717,329,,200,,686,80430,4391,,1325,,,,3302,21938,650,3872,,,,,1215,38116,920,10946,,,,,3449,7270,374,,,,70,,392,7869,240,,,,,,297,46442,472,8553,232,,,,2073,38081,1025,6916,,1565,,,1642,154,,,,,,,5,640,,82,,,,,17,14955,382,,121,,85,,355,2419,,213,,89,,,73,96485,4120,,1096,,636,,4234,28255,1244,4389,426,990,212,,1765,8340,,740,,250,,115,173,7688,381,1896,218,797,,,334,34709,1031,,,,118,,2563,86010,2597,8539,702,,,,5797,39762,1447,7086,555,,,,2023,1713,42,223,16,,10,,71,51915,1075,,473,,418,,4915,16372,488,2128,229,731,,,740,10945,570,,,,91,,605,21,,,,,,,2,11432,559,1805,141,,75,,528,470,4,64,,,,,16,19023,511,,,,,,661,1931,32,133,,,,,44,10348,,,,,,,123,3596,114,359,,109,,,172,148039,3509,,1053,,819,,10435,5938,211,886,,,,,265,6906,423,,105,,65,,350,351371,5840,86901,1908,,1538,,22729,28454,912,4998,367,1328,247,,1657,5398,76,885,45,,,,288,3687,137,708,43,,13,,138,63056,1885,,,,397,,4505,2710,,,17,,4,,124,12795,236,1438,62,,46,,506,8942,,1421,,,,,391,4027,77,316,,,,,44,18011,,1489,,,,,301,48693,1551,,,,,,1347,7384,179,595,,197,,84,80,31140,1502,5609,361,,194,,1014,69,,,,,,,6,944,22,,,,,,54,19019,168,,52,,,,1001,12687,574,2068,128,496,,,459,1491,48,,11,,7,,67,754,8,73,,,,,8
20200519,399,16,,,,,,10,12376,,1453,,517,,306,504,4923,78,535,,,14,101,102,0,,,,,,,0,14566,792,1746,318,,201,,704,81795,4363,,1307,,,,3334,22202,626,3899,,,,,1224,38430,914,10946,,,,,3472,7434,375,,,,77,,400,8037,236,,,,,,304,46944,472,8744,232,,,,2129,38721,986,7027,,1589,,,1664,154,,,,,,,5,640,,82,,,,,17,15349,383,,126,,83,,372,2455,,213,,89,,,74,98030,4002,,993,,576,,4379,28705,1268,4389,421,990,206,,1824,8340,,740,,250,,115,173,8069,447,1980,277,866,,,366,35038,1004,,,,112,,2581,87925,2472,8766,672,,,,5938,41546,1421,7199,537,,,,2081,1741,44,225,19,,11,,73,52350,1079,,486,,351,,5017,17029,545,2221,229,750,,,757,11080,721,,,,103,,616,21,,,,,,,2,11704,611,1840,153,,87,,554,471,5,65,,,,,16,19700,585,,,,,,691,1994,32,135,,,,,45,10625,,,,,,,125,3652,109,368,,109,,,172,149013,3481,,977,,789,,10586,6096,213,886,,,,,270,7046,405,,106,,54,,365,352845,5818,87169,1836,,1481,,22843,28952,913,5117,365,1357,234,,1720,5489,167,897,77,,,,294,3726,137,714,43,,13,,140,63666,1861,,,,380,,4624,2805,,,20,,8,,124,12951,247,1464,59,,44,,532,9056,,1444,,,,,399,4085,75,327,,,,,46,18378,,1498,,,,,305,49912,1732,,,,,,1369,7384,179,595,,197,,84,80,32145,1497,5768,377,,199,,1041,69,,,,,,,6,944,24,,,,,,54,19085,168,,52,,,,1002,12885,609,2110,129,503,,,467,1509,54,,18,,9,,68,766,8,73,,,,,10
20200520,402,16,,,,,,10,12744,,1493,,524,,309,517,5003,78,535,,,14,101,107,0,,,,,,,0,14897,810,1792,298,,208,,747,84057,4681,,1345,,,,3436,22482,626,3955,,,,,1257,39017,887,10946,,,,,3529,7551,336,,,,74,,407,8194,220,,,,,,310,47471,472,8934,232,,,,2173,39647,959,7107,,1617,,,1687,165,,,,,,,5,641,,82,,,,,17,15614,381,,126,,84,,388,2476,,215,,89,,,77,100418,3914,,1005,,554,,4525,29274,1288,4389,431,990,197,,1864,8539,,760,,258,,116,178,8069,443,2010,269,875,,,366,35316,931,,,,110,,2608,88970,2518,8897,675,,,,6066,42323,1410,7393,539,,,,2123,1819,43,231,24,,12,,73,53009,1066,,492,,332,,5060,17670,550,2308,212,773,,,786,11232,546,,,,103,,631,21,,,,,,,2,11967,644,1901,157,,89,,570,478,3,65,,,,,16,20122,554,,,,,,702,2095,38,142,,,,,49,10846,,,,,,,132,3721,105,383,,109,,,182,150399,3405,,969,,750,,10747,6192,204,1139,,,,,276,7166,437,,107,,60,,373,354370,5570,87459,1836,,1421,,22976,29436,902,5198,333,1369,248,,1781,5532,209,905,92,,,,299,3801,152,723,42,,17,,144,63666,1818,,,,377,,4624,2866,,,20,,5,,125,13356,257,1486,58,,45,,538,9056,,1444,,,,,399,4177,81,333,,,,,46,18532,,1515,,,,,309,51323,1791,,,,,,1419,7710,144,631,,200,,87,90,32908,1536,6059,370,,202,,1074,69,,,,,,,6,944,15,,,,,,54,19096,168,,52,,,,1031,13413,609,2161,129,515,,,481,1545,58,,16,,9,,69,787,9,74,,,,,11
20200521,402,19,,,,,,10,13119,,1528,,526,,311,529,5458,78,535,,,14,101,110,0,,,,,,,0,15315,812,1830,299,,197,,763,86197,4735,,1310,,,,3542,22797,613,3990,,,,,1299,39208,816,10946,,,,,3582,7788,336,,,,74,,412,8386,220,,,,,,317,48675,,9200,,,,,2222,40405,959,7235,,1642,,,1754,165,,,,,,,5,643,,82,,,,,17,16170,376,,125,,80,,406,2506,,221,,91,,,77,102686,4107,,1088,,609,,4607,29936,1166,4389,409,990,175,,1913,8539,,760,,258,,116,178,8167,474,2016,98,879,,,376,36504,884,,,,107,,2629,90084,2396,9040,647,,,,6148,43531,1374,7485,526,,,,2159,1877,41,235,21,,12,,73,53510,1054,,472,,361,,5129,18200,566,2380,229,787,,,818,11340,697,,,,99,,661,22,,,,,,,2,12222,638,1932,158,,92,,580,479,3,65,,,,,16,20860,578,,,,,,716,2229,39,144,,,,,51,11122,,,,,,,138,3868,103,385,,109,,,190,151472,3208,,896,,700,,10843,6317,206,1139,,,,,283,7255,410,,92,,52,,378,356458,5187,87638,1695,,1345,,23083,30167,892,5295,349,1397,258,,1836,5680,201,917,78,,,,304,3817,140,732,40,,14,,145,65392,1654,,,,361,,4869,2913,,,13,,7,,126,13571,254,1506,56,,41,,556,9175,414,1444,,,,,407,4250,91,342,,,,,48,18961,,1539,,,,,313,52268,1680,,,,,,1440,7874,169,647,,207,,88,92,34137,1491,6269,351,,191,,1099,69,,,,,,,6,950,14,,,,,,54,19096,242,3125,,,70,,1037,13885,524,2218,126,526,,,487,1593,46,,12,,9,,70,787,8,75,,,,,11
20200522,404,15,,,,,,10,13563,,1561,,531,,315,537,5612,86,584,,,14,110,113,0,,,,,,,0,15608,796,1879,311,,203,,775,88444,4762,,1317,,,,3630,23191,620,4037,,,,,1310,39640,740,12538,,,,,3637,7893,342,,112,,74,,418,8529,221,,,,,,322,49451,,9372,,,,,2268,41218,889,7313,,1658,,,1785,165,,,,,,,5,647,,83,,,,,17,16504,362,,123,,79,,425,2534,,223,,92,,,77,105444,3928,,1060,,589,,4715,30409,1203,5285,416,1166,173,,1941,8958,,787,,269,,120,185,8286,475,2041,92,886,,,386,36925,867,,,,104,,2668,90889,2323,9162,628,,,,6228,44424,1329,7634,506,,,,2207,1948,45,240,21,,12,,75,53913,955,,470,,348,,5158,19005,534,2432,233,806,,,851,11558,711,,,,93,,671,22,,,,,,,2,12624,557,1966,159,,85,,596,479,3,65,,,,,16,21618,568,,,,,,728,2317,39,147,,,,,52,11425,,,,,,,143,3935,97,393,,120,,,199,152719,3049,,846,,674,,10985,6472,205,1139,,,,,294,7401,404,,90,,51,,381,358154,4844,87843,1581,,1254,,23195,30794,879,5379,362,1416,232,,1872,5849,190,926,94,,,,307,3864,146,737,47,,16,,147,66258,1580,,,,368,,4984,3030,96,,12,,6,,126,13736,242,1537,56,,40,,579,9638,429,1534,,,,,419,4356,83,351,,,,,50,19394,,1560,,,,,315,53449,1578,,,,,,1480,8057,163,1036,,210,,88,93,34950,1459,6422,366,,207,,1136,69,,,,,,,6,952,16,,,,,,54,19117,332,3156,,,85,,1044,14396,583,2259,133,535,,,496,1616,47,,13,,9,,71,803,10,76,,,,,12
20200523,408,10,,,,,,10,13938,,1589,,538,,319,546,5612,81,590,,,14,111,113,0,,,,,,,0,16039,784,1930,309,,193,,799,90631,4342,,1312,,,,3708,23487,571,4082,,,,,1324,40022,724,12538,,,,,3675,7966,324,,110,,73,,427,8690,210,,,,,,324,50127,,9567,,,,,2312,42132,848,7411,,1678,,,1811,165,,,,,,,5,642,,84,,,,,17,16893,362,,111,,70,,444,2595,,225,,94,,,79,107796,3753,,1027,,607,,4790,30901,1138,5285,403,1166,173,,1943,8958,,787,,269,,120,185,8426,477,2076,90,889,,,391,37040,836,,,,112,,2668,91662,2237,9260,610,,,,6304,45495,1320,7825,524,,,,2243,2013,50,243,26,,11,,77,54365,953,,449,,319,,5223,19845,568,2534,215,832,,,861,11752,742,,,,94,,676,22,,,,,,,2,13005,590,1996,154,,93,,616,479,3,65,,,,,16,22725,589,,,,,,737,2365,39,150,,,,,52,11662,,,,,,,147,4089,93,419,,120,,,208,153104,2974,,806,,611,,11081,6625,206,1139,,,,,302,7696,402,,99,,53,,388,359926,4844,88083,1581,,1254,,23282,31408,858,5437,333,1429,223,,1956,5960,174,926,78,,,,311,3888,102,740,41,,15,,147,66983,1560,,,,348,,5096,3100,106,,14,,5,,127,13952,233,1557,51,,34,,597,9895,430,1534,,,,,425,4468,90,358,,,,,50,19789,,1573,,,,,329,54509,1688,,,,,,1506,8260,165,1053,,213,,88,97,35749,1384,6431,330,,213,,1159,69,,,,,,,6,954,21,,,,,,54,19265,332,3230,,,96,,1050,14877,611,2292,128,542,,,507,1717,39,,11,,9,,72,813,10,77,,,,,12
20200524,408,10,,,,,,10,14327,,1612,,537,,320,551,5922,86,598,,,17,111,116,0,,,,,,,0,16339,804,1945,322,,201,,800,92710,4300,,1315,,,,3774,23964,538,4105,,,,,1327,40468,701,12538,,,,,3693,7966,324,,110,,73,,427,8809,211,,,,,,326,50867,,9638,,,,,2316,42838,848,7439,,1683,,,1824,166,,,,,,,5,643,,84,,,,,17,17252,363,,114,,61,,454,2626,,225,,94,,,79,110304,3667,,1007,,632,,4856,31376,1112,5285,396,1166,173,,1976,8958,,787,,269,,120,185,8571,484,2131,89,897,,,391,37169,813,,,,102,,2690,92675,2169,9308,558,,,,6372,46313,1290,7939,503,,,,2277,2055,59,252,27,,13,,78,54679,953,,449,,319,,5228,20573,553,2588,207,841,,,878,11988,742,,,,94,,681,22,,,,,,,2,13252,512,2023,150,,73,,625,479,3,65,,,,,16,23222,587,,,,,,744,2418,40,152,,,,,53,11989,,,,,,,147,4089,93,419,,120,,,208,154154,2857,,760,,639,,11133,6795,208,1139,,,,,308,7770,373,,92,,51,,392,361515,4393,88324,1406,,1067,,23391,31911,864,5476,317,1438,205,,1969,6037,174,938,78,,,,311,3927,117,742,35,,18,,148,67713,1533,,,,336,,5124,3189,106,,13,,7,,127,14065,240,1580,49,,32,,608,10096,461,1534,,,,,435,4563,85,364,,,,,50,20145,,1583,,,,,336,55348,1572,,,,,,1506,8392,128,688,,215,,88,97,36244,1351,6453,354,,192,,1171,69,,,,,,,6,956,25,,,,,,54,19585,313,3256,,,74,,1055,15277,611,2315,128,541,,,510,1759,23,,8,,4,,72,813,10,78,,,,,12
20200525,409,10,,,,,,10,14730,,1629,,543,,323,562,6029,92,605,,,17,111,117,0,,,,,,,0,16561,833,1961,334,,212,,806,94558,4306,,1301,,,,3795,24174,560,4119,,,,,1332,40873,706,12538,,,,,3742,8225,331,,106,,70,,440,8965,205,,,,,,332,51746,,9681,,,,,2331,43344,892,7475,,1686,,,1830,166,,,,,,,5,643,,84,,,,,17,17577,377,,118,,66,,459,2626,,225,,94,,,79,112017,3762,,1025,,605,,4884,31715,1102,5285,365,1166,169,,1976,9218,,800,,271,,120,188,8571,484,2131,89,897,,,391,37809,847,,,,102,,2690,93271,2132,9339,576,,,,6416,47152,1279,8092,517,,,,2302,2074,59,257,27,,13,,78,54881,953,,449,,319,,5240,21315,605,2676,248,869,,,890,12167,729,,,,93,,685,22,,,,,,,2,13458,566,2046,152,,94,,635,479,3,65,,,,,16,23964,627,,,,,,754,2457,41,154,,,,,54,12134,,,,,,,150,4149,92,419,,120,,,209,155092,2755,,719,,540,,11144,6943,213,1243,,,,,317,7879,380,,91,,45,,394,362764,4348,88554,1366,,1058,,23488,32477,872,5511,323,1443,211,,1987,6090,,938,78,,,,313,3949,125,747,35,,23,,148,68186,1628,,,,324,,5139,3260,112,,16,,8,,129,14065,240,1580,49,,32,,608,10178,407,1534,,,,,440,4586,99,370,,,,,50,20607,,1594,,,,,338,55971,1511,,,,,,1527,8521,131,692,,215,,88,98,37727,1376,6521,349,,182,,1208,69,,,,,,,6,962,19,,,,,,54,19828,207,3287,,,47,,1061,15584,606,2339,126,543,,,514,1774,36,,13,,7,,72,838,10,79,,,,,12
20200526,411,12,,,,,,10,15396,,1671,,551,,327,575,6180,107,617,,,18,114,119,0,,,,,,,0,16783,818,1988,336,,208,,807,96733,4404,,1392,,,,3814,24269,507,4128,,,,,1333,41303,694,12538,,,,,3769,8334,353,,113,,76,,440,9066,201,,,,,,335,52255,,9740,,,,,2338,43730,854,7547,,1703,,,1871,169,,,,,,,5,643,,84,,,,,17,17703,379,,115,,65,,478,2626,,225,,94,,,79,113195,3788,,1035,,590,,4923,32078,1088,5285,365,1166,163,,2004,9218,,800,,271,,120,188,8571,484,2131,89,897,,,391,38054,831,,,,103,,2701,93693,2108,9388,560,,,,6473,47687,1315,8179,520,,,,2333,2109,60,258,26,,13,,79,55104,953,,449,,319,,5266,21960,570,2709,258,886,,,908,12291,500,,,,82,,686,22,,,,,,,2,13731,561,2070,134,,81,,652,479,2,65,,,,,17,24140,621,,,,,,766,2422,40,156,,,,,54,12355,,,,,,,150,4197,91,420,,120,,,210,155764,2723,16373,786,,578,,11191,7026,216,1264,,,,,320,7997,390,,91,,46,,396,363836,4265,88686,1273,,1002,,23564,33006,937,5579,351,1450,232,,2002,6137,174,941,78,,,,318,3967,149,752,40,,17,,148,68637,1493,,,,334,,5152,3324,104,,14,,4,,129,14210,226,1613,50,,36,,634,10416,433,1618,,,,,446,4653,106,378,,,,,50,20965,,1609,,,,,343,56560,1534,,,,,,1536,8620,134,696,,217,,89,101,39342,1403,6630,366,,190,,1236,69,,,,,,,6,967,25,,,,,,54,20065,267,3290,,,51,,1070,15863,640,2362,135,544,,,517,1854,35,,9,,7,,74,850,14,82,,,,,13
20200527,412,14,,,,,,10,15843,,1719,,560,,334,581,6277,108,627,,,22,116,120,0,,,,,,,0,17262,911,2031,375,,237,,831,98980,4544,,1407,,,,3884,24565,484,4160,,,,,1352,41303,694,12538,,,,,3769,8406,349,,113,,76,,445,9096,196,,,,,,344,52634,,9899,,,,,2400,44421,907,7666,,1735,,,1907,170,1,,,,,,5,643,,83,,,,,17,18360,393,,109,,66,,491,2699,,231,,95,,,81,114306,3826,,1031,,592,,5083,32437,1122,5285,400,1166,182,,2030,9337,,822,,275,,122,205,9077,489,2136,78,897,,,400,38497,798,,,,100,,2722,93693,2108,9388,560,,,,6473,48423,1338,8281,520,,,,2392,2137,59,260,25,,14,,81,55608,882,,388,,272,,5334,22464,598,2796,260,902,,,942,12492,644,,,,84,,696,22,,,,,,,2,14044,547,2106,127,,73,,670,481,2,66,,,,,17,24628,702,,,,,,794,2439,40,161,,,,,56,12619,,,,,,,153,4231,91,421,,120,,,214,156628,2761,16597,768,,583,,11339,7130,211,1282,,,,,325,8113,435,,108,,48,,396,364965,4208,88866,1261,,988,,23643,33439,885,5700,313,1492,217,,2044,6229,156,941,74,,,,322,4038,146,759,35,,16,,148,69417,1493,,,,351,,5265,3397,105,,8,,4,,129,14353,218,1624,49,,35,,655,10623,398,1618,,,,,466,4710,101,391,,,,,54,21306,,1647,,,,,353,57921,1645,,,,,,1562,8706,127,716,,223,,94,105,40249,1459,6826,390,,203,,1281,69,,,,,,,6,971,21,,,,,,54,20181,241,3338,,,53,,1078,16462,748,2411,139,550,,,539,1867,36,,13,,6,,74,850,12,82,,,,,13
20200528,425,10,,,,,,10,16310,,1765,,566,,338,590,6538,104,640,,,27,118,120,0,,,,,,,0,17763,945,2848,374,,222,,857,101697,4529,,1325,,,,3973,24767,464,4196,,,,,1392,41559,648,12538,,,,,3826,8492,343,,108,,65,,453,9171,192,,,,,,345,53285,,10056,,,,,2446,45070,903,7767,,1761,,,1962,172,,,,,,,5,644,,83,,,,,17,18573,383,,112,,67,,504,2731,,234,,95,,,82,115833,3649,,1009,,576,,5186,33068,1131,5285,411,1166,178,,2068,9337,,822,,275,,122,205,9077,512,2142,82,899,,,400,38802,761,,,,100,,2740,94895,2112,9618,529,,,,6640,49709,1334,8392,511,,,,2428,2189,58,264,22,,14,,84,56014,860,,405,,251,,5372,22947,606,2880,242,924,,,977,12673,648,,,,88,,707,22,,,,,,,2,14372,594,2147,148,,78,,693,485,1,66,,,,,17,25412,708,,,,,,827,2481,35,161,,,,,57,12976,,,,,,,163,4286,105,426,,120,,,223,157815,2797,16778,740,,564,,11401,7252,210,1282,,,,,329,8208,439,,123,,55,,406,366733,4010,89042,1219,,931,,23722,33915,812,5811,285,1516,190,,2098,6270,181,975,80,,,,326,4086,149,768,32,,17,,151,70042,1476,,,,321,,5373,3486,120,,12,,5,,131,14494,222,1639,53,,36,,677,10788,397,1618,,,,,470,4793,105,406,,,,,54,21679,,1689,,,,,356,59776,1692,,,,,,1601,8921,169,734,,231,,98,106,41401,1502,6974,416,,195,,1338,69,,,,,,,6,974,17,,,,,,55,20406,325,3394,,,94,,1095,16974,659,2452,138,556,,,550,1906,35,,13,,6,,74,874,15,82,,,,,15
20200529,430,14,,,,1,,10,16823,,1800,,577,,344,605,6538,104,667,,,27,119,125,0,,,,,,,0,18465,931,2911,378,,238,,885,103886,4414,,1328,,,,4068,25121,464,4254,,,,,1421,41762,577,12538,,,,,3868,8538,338,,114,,65,,460,9236,183,,,,,,356,54497,,10243,,,,,2495,45670,889,7852,,1780,,,1974,172,,,,,,,5,647,,83,,,,,17,18926,376,,117,,78,,522,2769,,238,,96,,,82,117455,3599,,980,,593,,5270,33558,1149,5285,412,1166,161,,2110,9719,,842,,284,,124,208,9184,494,2180,88,937,,,409,38802,714,,,,90,,2766,95512,1991,9725,485,,,,6718,50988,1296,8479,507,,,,2466,2226,53,270,18,,12,,85,56621,774,,371,,250,,5406,23531,592,2936,259,938,,,1006,12795,650,,,,85,,738,22,,,,,,,2,14790,584,2208,121,,77,,710,493,2,67,,,,,17,26488,680,,,,,,859,2520,36,164,,,,,59,13261,,,,,,,164,4386,110,438,,120,,,232,158844,2707,16960,720,,544,,11531,7364,196,1317,,,,,335,8350,371,,92,,42,,410,368284,3781,89194,1164,,889,,23780,34566,833,5947,326,1533,222,,2131,6338,160,982,68,,,,329,4131,155,771,36,,21,,151,71339,1445,,,,313,,5464,3647,101,,12,,5,,132,14635,219,1660,47,,33,,693,11131,399,1634,,,,,483,4866,95,418,,,,,59,22085,,1710,,,,,360,61006,1701,,,,,,1626,9264,135,753,,237,,102,107,42533,1524,7172,373,,193,,1358,69,,,,,,,6,975,14,,,,,,55,20764,317,3413,,,85,,1106,17707,658,2499,145,567,,,568,1951,33,,14,,8,,74,891,13,84,,,,,15
20200530,434,14,,,,2,,10,17359,,1826,,583,,349,618,7013,104,702,,,26,123,133,0,,,,,,,0,19255,975,2980,386,,241,,903,106878,4215,,1273,,,,4156,25613,421,4307,,,,,1436,42022,533,12538,,,,,3912,8717,317,,109,,66,,462,9422,174,,,,,,361,55424,,10375,,,,,2530,46286,850,7921,,1790,,,2003,173,,,,,,,5,649,,83,,,,,17,19244,368,,118,,69,,531,2803,,240,,96,,,82,118917,3336,,925,,661,,5330,34211,1149,5285,412,1166,161,,2125,9719,,842,,284,,124,208,9464,499,2266,81,940,,,418,39577,674,,,,84,,2785,96301,1904,9789,453,,,,6768,52015,1239,8619,492,,,,2509,2282,46,272,18,,11,,89,56884,774,,371,,250,,5463,24190,589,3011,263,960,,,1036,12962,679,,,,85,,771,22,,,,,,,2,15229,593,2240,145,,92,,723,505,2,67,,,,,17,27673,638,,,,,,877,2554,34,165,,,,,60,13654,,,,,,,170,4492,105,440,,120,,,238,159608,2626,17121,672,,499,,11634,7493,193,1317,,,,,344,8495,371,,92,,42,,417,369660,3619,89400,1124,,857,,23848,35034,806,6011,339,1548,219,,2149,6418,154,982,65,,,,334,4185,131,778,32,,17,,153,72031,1352,,,,295,,5537,3718,106,,6,,5,,133,14819,219,1682,50,,32,,711,11394,387,1634,,,,,487,4960,93,427,,,,,62,22566,,1732,,,,,364,62338,1752,,,,,,1626,9533,139,763,,241,,102,112,43611,1471,7216,372,,194,,1370,69,,,,,,,6,977,17,,,,,,55,21071,319,3455,,,88,,1111,18230,617,2563,144,577,,,588,1974,33,,14,,8,,75,898,13,85,,,,,16
20200531,434,14,,,,2,,10,17903,,1844,,589,,355,631,7253,115,711,,,27,123,133,0,,,,,,,0,19936,973,2998,376,,239,,906,110583,4331,,1324,,,,4213,26098,414,4333,,,,,1443,42201,481,12538,,,,,3944,8801,295,,109,,66,,466,9498,160,,,,,,366,56163,,10453,,,,,2534,46986,853,7946,,1794,,,2042,173,,,,,,,5,651,,83,,,,,17,19552,341,,116,,70,,534,2839,,242,,96,,,82,120260,3296,,941,,550,,5390,34574,1050,5285,372,1248,143,,2134,9719,,842,,284,,124,208,9704,480,2272,87,940,,,431,39916,678,,,,84,,2791,96965,1824,9823,436,,,,6846,52778,1183,8738,479,,,,2532,2325,49,283,18,,10,,89,57397,774,,371,,250,,5491,24850,555,3047,257,971,,,1050,13147,718,,,,83,,772,22,,,,,,,2,15501,570,2272,113,,108,,734,515,2,67,,,,,17,28589,649,,,,,,886,2577,36,167,,,,,61,13905,,,,,,,170,4545,107,449,,140,,,242,160445,2497,17197,522,,378,,11698,7624,189,1317,,,,,351,8593,336,,71,,41,,417,370770,3436,89590,1050,,791,,23905,35513,779,6049,310,1556,213,,2155,6506,154,985,65,,,,334,4243,117,786,33,,17,,153,72546,1352,,,,296,,5555,3776,99,,9,,1,,136,14928,206,1701,46,,29,,718,11861,402,1634,,,,,494,4993,86,432,,,,,62,23006,,1750,,,,,364,64287,1684,,,,,,1672,9797,142,775,,242,,102,113,44607,1458,7326,371,,196,,1375,69,,,,,,,6,981,18,,,,,,55,21349,266,3480,,,67,,1118,18403,625,2583,133,585,,,592,2010,33,,14,,8,,75,903,13,85,,,,,16
20200601,467,10,,,,1,,10,18363,,1856,,591,,355,646,7443,115,711,,,27,123,133,0,,,,,,,0,20123,968,3018,377,,238,,917,113006,4258,,1273,,,,4251,26378,414,4347,,,,,1445,42740,454,13793,,,,,3964,8857,302,,108,,67,,468,9605,159,,,,,,368,56830,,10494,,,,,2543,47618,841,8127,,1800,,,2074,175,,,,,,,5,652,,83,,,,,17,19697,339,,125,,73,,551,2839,,242,,96,,,82,121234,3215,,902,,547,,5412,34830,1041,5860,366,1255,148,,2142,10011,,842,,284,,124,217,10046,457,2274,90,940,,,439,40341,661,,,,86,,2801,96965,1824,9823,436,,,,6846,53327,1174,8886,479,,,,2552,2349,52,284,17,,10,,89,57532,674,,346,,240,,5516,25208,549,3086,253,981,,,1060,13327,693,,,,78,,773,22,,,,,,,2,15752,584,2296,146,,97,,739,519,2,67,,,,,17,29263,650,,,,,,898,2625,35,169,,,,,61,14101,,,,,,,170,4651,96,451,,141,,,245,160918,2466,17222,646,,459,,11721,7689,182,1317,,,,,356,8688,361,,87,,40,,421,371711,3331,89703,999,,746,,23959,35984,761,6112,324,1569,223,,2206,6573,154,986,65,,,,334,4302,108,790,32,,17,,154,72898,1302,,,,287,,5567,3873,99,,9,,4,,136,14991,195,1724,46,,29,,720,12148,450,1634,,,,,500,5034,87,435,,,,,62,23554,,1767,,,,,367,64880,1756,,,,,,1678,9999,134,789,,242,,102,113,45398,1371,7326,347,,188,,1392,70,,,,,,,6,983,16,,,,,,55,21702,245,3501,,,52,,1118,18543,613,2603,136,586,,,595,2017,31,,11,,4,,75,910,8,86,,,,,17
20200602,487,10,,,,0,,10,18642,,1879,,591,,355,651,7443,121,718,,,26,124,133,0,,,,,,,0,21250,1009,3057,380,,235,,941,115310,4393,,1286,,,,4286,26577,394,4372,,,,,1458,42979,434,13793,,,,,3972,8886,295,,106,,74,,470,9685,157,,,,,,373,57447,,10678,,,,,2613,48207,828,8334,,1821,,,2102,177,,,,,,,5,652,,83,,,,,17,20016,327,,114,,76,,561,2906,,247,,98,,,83,122848,3238,,874,,548,,5525,35237,961,5902,358,1261,140,,2197,10011,,862,,290,,127,217,10185,481,2307,85,941,,,442,40746,639,,,,83,,2835,101163,1657,10063,394,,269,,7085,54175,1148,8957,481,,,,2597,2377,48,287,16,,10,,94,57731,674,,346,,240,,5553,25508,537,3134,248,1003,,,1082,13575,693,,,,81,,783,23,,,,,,,2,16020,584,2296,146,,97,,767,523,1,67,,,,,17,29889,716,,,,,,921,2646,34,170,,,,,68,14345,,,,,,,178,4685,98,456,,142,,,245,161545,2370,17390,639,,480,,11770,7800,191,1317,,,,,362,8830,365,,88,,39,,420,373040,3121,89861,907,,673,,24023,36350,697,6176,295,1583,204,,2258,6692,124,994,60,,,,339,4335,102,795,29,,15,,157,73510,1302,,,,283,,5667,3935,106,,17,,10,,138,15112,188,1743,48,,31,,732,12415,425,1789,,,,,501,5067,89,443,,,,,62,24375,,1792,,,,,381,64880,1773,,,,,,1678,10202,159,801,,243,,104,113,46239,1362,7373,336,,186,,1407,70,,,,,,,6,988,10,,,,,,55,21977,232,3517,,,48,,1124,18917,597,2643,139,593,,,607,2041,31,,11,,4,,77,910,7,86,,,,,17
